Workbook
Name TIPOS_NOVEDAD: OFFSET(CONFIG!$A$4,0,0,MAX(1,COUNTA(CONFIG!$A$4:$A$63)),1)
Name CAUSAS_RAIZ: OFFSET(CONFIG!$G$4,0,0,MAX(1,COUNTA(CONFIG!$G$4:$G$63)),1)
Name ESTADOS_NOVEDAD: OFFSET(CONFIG!$K$4,0,0,MAX(1,COUNTA(CONFIG!$K$4:$K$63)),1)
Name PUNTOS_OCURRENCIA: OFFSET(CONFIG!$N$4,0,0,MAX(1,COUNTA(CONFIG!$N$4:$N$63)),1)
Name ORIGENES: OFFSET(CONFIG!$P$4,0,0,MAX(1,COUNTA(CONFIG!$P$4:$P$63)),1)
Name TRANSPORTADORAS: OFFSET(CONFIG!$R$4,0,0,MAX(1,COUNTA(CONFIG!$R$4:$R$63)),1)
Name RESPONSABLES: OFFSET(CONFIG!$T$4,0,0,MAX(1,COUNTA(CONFIG!$T$4:$T$63)),1)

Sheet INICIO
B2: MATRIZ DE NOVEDADES · LOGÍSTICA Y TRANSPORTE
C3: Un solo archivo para registrar todo lo que sale mal —en la carretera y dentro de la empresa—, saber a quién cobrárselo y medir si la operación está mejorando.
B4: CÓMO SE USA — TRES PASOS
B5: 1 | C5: ENVÍOS. Cada despacho es una fila. Escriba Nº de guía, Nº de pedido, fecha, cliente, ciudad, transportadora, conductor, placa, unidades, valor y la FECHA PROMESA DE ENTREGA. Cuando llegue, escriba la fecha de entrega real. Con eso el archivo calcula solo si llegó a tiempo y si llegó completo.
B6: 2 | C6: NOVEDADES. ¿Algo salió mal? Escriba la fecha, marque el ORIGEN y clasifique. Si fue en ruta, agregue el Nº de guía: el Nº de pedido, el cliente, la ciudad, la transportadora, el conductor y la placa se traen solos.
B7: 3 | C7: TABLERO. Ponga el periodo arriba y lea. Le dice su OTIF, qué transportadora rinde y cuál no, en qué punto de la operación se rompe y cuáles causas explican el 80% de sus problemas.
B8: LAS DOS CLASES DE NOVEDAD
C9: EN RUTA: pasó con un envío ya despachado (cliente ausente, avería, retraso, rechazo). Lleva Nº de guía y se le carga a la transportadora.
C10: INTERNA: pasó dentro de la empresa, casi siempre antes de despachar (error de alistamiento, descuadre de inventario, demora en el cargue, falla de un equipo de bodega, accidente laboral). NO lleva guía: deje esa casilla vacía y la validación dirá «Sin guía (interna)», que es lo correcto.
C11: Las internas nunca entran al scorecard de transportadoras ni a la tasa de novedades por envío, porque no son culpa del transportador ni corresponden a una entrega. Sí entran al Pareto de causas, a las 6M y al punto de ocurrencia — que es donde usted mira su propia casa.
B12: GUÍA Y PEDIDO
C13: La LLAVE es el Nº de guía o remisión: es el documento de transporte, uno por viaje, y es lo que amarra la novedad con el transportador. El Nº de pedido va al lado para dar trazabilidad de punta a punta: pedido → guía → cliente → novedad. No se usa como llave porque un mismo pedido puede salir en dos guías. En el buscador del tablero sirve cualquiera de los dos.
B14: LA REGLA DE COLORES
C15: AMARILLO = usted lo escribe. GRIS = se calcula solo, no lo toque. Encabezado dorado = columna de captura. Encabezado azul = columna calculada.
C16: Además, cada hoja tiene una banda oscura arriba que separa las zonas: lo que se digita, lo que se calcula y lo que es seguimiento.
B17: LOS NÚMEROS QUE IMPORTAN
C18: OTIF (On Time In Full): de los envíos ya entregados, cuántos llegaron a tiempo Y completos. Es el estándar de la industria; una operación sana anda por encima del 95%.
C19: TASA DE NOVEDADES: de cada 100 envíos, cuántos tuvieron algún problema en ruta. Cuenta envíos afectados, no novedades, para que no se infle cuando un envío genera tres.
C20: % INTERNAS: qué parte de sus novedades nace adentro. Si es alto, el problema no es el transportador.
C21: CUMPLIMIENTO DE SLA: de las novedades ya resueltas, cuántas se resolvieron dentro del plazo que usted mismo definió por tipo.
C22: PUNTAJE Y NOTA POR TRANSPORTADORA: A, B, C o D. Es la hoja que se lleva a la reunión de negociación.
B23: CÓMO CAMBIAR LAS REGLAS SIN TOCAR FÓRMULAS
C24: Todo vive en la hoja CONFIG: los tipos de novedad con su ámbito, su gravedad y su plazo en días hábiles; las causas raíz con su familia 6M y su área responsable; los estados y cuáles cierran el caso; los puntos de ocurrencia, las transportadoras y los responsables.
C25: Agregue filas hacia abajo y listo: las listas desplegables crecen solas y el tablero las recoge en el siguiente cálculo. Reemplace «Transportadora A, B, C» por los nombres reales antes de empezar.
B26: SOBRE LA CAUSA RAÍZ (LAS 6M)
C27: Cada causa está clasificada en una de las seis familias del diagrama de Ishikawa: Método, Material, Medición, Mano de obra, Máquina y Medio ambiente (más Externo y Por definir). Sirve para ver si sus problemas son de proceso, de gente, de equipos o de afuera — y esa respuesta cambia qué se hace al respecto.
B28: DETALLES PRÁCTICOS
C29: Las hojas están protegidas para no dañar las fórmulas, pero SIN contraseña: Revisar → Desproteger hoja y ya. Los plazos se cuentan en días hábiles (sin sábados ni domingos); si quiere descontar festivos, agregue una columna de fechas festivas en CONFIG y páselas como tercer argumento de DIA.LAB.
C30: Capacidad: 3.000 envíos y 1.500 novedades. Cuando se acerque al tope, guarde una copia con el nombre del periodo y borre solo las celdas amarillas.

Sheet TABLERO
B2: TABLERO DE NOVEDADES · logística y transporte
B3: Todo se filtra por el periodo de abajo. Novedades por su fecha de registro; envíos por su fecha de despacho.
B4: PERIODO | D4: Desde: | E4: 46023 | F4: Hasta: | G4: 46387 | H4: ◄ cambie estas dos fechas y todo el tablero se recalcula
B6: LAS ENTREGAS | D6: OTIF (a tiempo y completo) | F6: ENTREGAS A TIEMPO | H6: TASA DE NOVEDADES | J6: VALOR AFECTADO | L6: ENVÍOS DEL PERIODO
D7: =IFERROR(COUNTIFS(ENVIOS!$Q$4:$Q$3003,"OTIF",ENVIOS!$C$4:$C$3003,">="&$E$4,ENVIOS!$C$4:$C$3003,"<="&$G$4)/(COUNTIFS(ENVIOS!$Q$4:$Q$3003,"OTIF",ENVIOS!$C$4:$C$3003,">="&$E$4,ENVIOS!$C$4:$C$3003,"<="&$G$4)+COUNTIFS(ENVIOS!$Q$4:$Q$3003,"Falló",ENVIOS!$C$4:$C$3003,">="&$E$4,ENVIOS!$C$4:$C$3003,"<="&$G$4)),"—") | F7: =IFERROR(COUNTIFS(ENVIOS!$N$4:$N$3003,"Sí",ENVIOS!$C$4:$C$3003,">="&$E$4,ENVIOS!$C$4:$C$3003,"<="&$G$4)/(COUNTIFS(ENVIOS!$Q$4:$Q$3003,"OTIF",ENVIOS!$C$4:$C$3003,">="&$E$4,ENVIOS!$C$4:$C$3003,"<="&$G$4)+COUNTIFS(ENVIOS!$Q$4:$Q$3003,"Falló",ENVIOS!$C$4:$C$3003,">="&$E$4,ENVIOS!$C$4:$C$3003,"<="&$G$4)),"—") | H7: =IFERROR(COUNTIFS(ENVIOS!$O$4:$O$3003,">0",ENVIOS!$C$4:$C$3003,">="&$E$4,ENVIOS!$C$4:$C$3003,"<="&$G$4)/COUNTIFS(ENVIOS!$C$4:$C$3003,">="&$E$4,ENVIOS!$C$4:$C$3003,"<="&$G$4),"—") | J7: =SUMIFS(NOVEDADES!$U$4:$U$1503,NOVEDADES!$B$4:$B$1503,">="&$E$4,NOVEDADES!$B$4:$B$1503,"<="&$G$4) | L7: =COUNTIFS(ENVIOS!$C$4:$C$3003,">="&$E$4,ENVIOS!$C$4:$C$3003,"<="&$G$4)
B9: LA GESTIÓN | D9: NOVEDADES | F9: ABIERTAS | H9: VENCIDAS (SLA roto) | J9: DÍAS PROM. SOLUCIÓN | L9: CUMPLIMIENTO DE SLA
D10: =COUNTIFS(NOVEDADES!$B$4:$B$1503,">="&$E$4,NOVEDADES!$B$4:$B$1503,"<="&$G$4) | F10: =COUNTIFS(NOVEDADES!$AA$4:$AA$1503,"En plazo",NOVEDADES!$B$4:$B$1503,">="&$E$4,NOVEDADES!$B$4:$B$1503,"<="&$G$4)+COUNTIFS(NOVEDADES!$AA$4:$AA$1503,"Por vencer",NOVEDADES!$B$4:$B$1503,">="&$E$4,NOVEDADES!$B$4:$B$1503,"<="&$G$4)+COUNTIFS(NOVEDADES!$AA$4:$AA$1503,"Vencida",NOVEDADES!$B$4:$B$1503,">="&$E$4,NOVEDADES!$B$4:$B$1503,"<="&$G$4)+COUNTIFS(NOVEDADES!$AA$4:$AA$1503,"Sin clasificar",NOVEDADES!$B$4:$B$1503,">="&$E$4,NOVEDADES!$B$4:$B$1503,"<="&$G$4) | H10: =COUNTIFS(NOVEDADES!$AA$4:$AA$1503,"Vencida",NOVEDADES!$B$4:$B$1503,">="&$E$4,NOVEDADES!$B$4:$B$1503,"<="&$G$4) | J10: =IFERROR(ROUND(AVERAGEIFS(NOVEDADES!$Z$4:$Z$1503,NOVEDADES!$B$4:$B$1503,">="&$E$4,NOVEDADES!$B$4:$B$1503,"<="&$G$4),1),0) | L10: =IFERROR(COUNTIFS(NOVEDADES!$AA$4:$AA$1503,"Resuelta a tiempo",NOVEDADES!$B$4:$B$1503,">="&$E$4,NOVEDADES!$B$4:$B$1503,"<="&$G$4)/COUNTIFS(NOVEDADES!$AA$4:$AA$1503,"Resuelta*",NOVEDADES!$B$4:$B$1503,">="&$E$4,NOVEDADES!$B$4:$B$1503,"<="&$G$4),"—")
B12: DÓNDE NACEN | D12: EN RUTA (transporte) | F12: INTERNAS (la empresa) | H12: % INTERNAS | J12: VALOR DE LAS INTERNAS | L12: PUNTO INTERNO MÁS FRECUENTE
D13: =COUNTIFS(NOVEDADES!$C$4:$C$1503,"En ruta",NOVEDADES!$B$4:$B$1503,">="&$E$4,NOVEDADES!$B$4:$B$1503,"<="&$G$4) | F13: =COUNTIFS(NOVEDADES!$C$4:$C$1503,"Interna",NOVEDADES!$B$4:$B$1503,">="&$E$4,NOVEDADES!$B$4:$B$1503,"<="&$G$4) | H13: =IFERROR(COUNTIFS(NOVEDADES!$C$4:$C$1503,"Interna",NOVEDADES!$B$4:$B$1503,">="&$E$4,NOVEDADES!$B$4:$B$1503,"<="&$G$4)/COUNTIFS(NOVEDADES!$B$4:$B$1503,">="&$E$4,NOVEDADES!$B$4:$B$1503,"<="&$G$4),"—") | J13: =SUMIFS(NOVEDADES!$U$4:$U$1503,NOVEDADES!$C$4:$C$1503,"Interna",NOVEDADES!$B$4:$B$1503,">="&$E$4,NOVEDADES!$B$4:$B$1503,"<="&$G$4) | L13: =IF(MAX($D$87:$D$97)=0,"—",IFERROR(INDEX($B$87:$B$97,MATCH(MAX($D$87:$D$97),$D$87:$D$97,0)),"—"))
B15: 1 · SCORECARD DE TRANSPORTADORAS | O15: Las gráficas se recalculan con el periodo de arriba.
B16: Solo cuenta las novedades EN RUTA: las internas no son culpa del transportador. Nota A = 90 puntos o más · B = 80 a 89 · C = 70 a 79 · D = menos de 70. Puntaje = OTIF ×60 + (1 − tasa) ×25 + (1 − vencidas/novedades) ×15.
B17: Transportadora | D17: Envíos | E17: OTIF | F17: Novedades | G17: Tasa | H17: Abiertas | I17: Vencidas | J17: Días prom. | K17: Valor afectado | L17: Puntaje | M17: Nota
B18: =IF(CONFIG!$R4="","",CONFIG!$R4) | D18: =IF($B18="","",COUNTIFS(ENVIOS!$F$4:$F$3003,$B18,ENVIOS!$C$4:$C$3003,">="&$E$4,ENVIOS!$C$4:$C$3003,"<="&$G$4)) | E18: =IF($B18="","",IFERROR(COUNTIFS(ENVIOS!$F$4:$F$3003,$B18,ENVIOS!$Q$4:$Q$3003,"OTIF",ENVIOS!$C$4:$C$3003,">="&$E$4,ENVIOS!$C$4:$C$3003,"<="&$G$4)/(COUNTIFS(ENVIOS!$F$4:$F$3003,$B18,ENVIOS!$Q$4:$Q$3003,"OTIF",ENVIOS!$C$4:$C$3003,">="&$E$4,ENVIOS!$C$4:$C$3003,"<="&$G$4)+COUNTIFS(ENVIOS!$F$4:$F$3003,$B18,ENVIOS!$Q$4:$Q$3003,"Falló",ENVIOS!$C$4:$C$3003,">="&$E$4,ENVIOS!$C$4:$C$3003,"<="&$G$4)),"—")) | F18: =IF($B18="","",COUNTIFS(NOVEDADES!$I$4:$I$1503,$B18,NOVEDADES!$B$4:$B$1503,">="&$E$4,NOVEDADES!$B$4:$B$1503,"<="&$G$4)) | G18: =IF($B18="","",IFERROR(COUNTIFS(ENVIOS!$F$4:$F$3003,$B18,ENVIOS!$O$4:$O$3003,">0",ENVIOS!$C$4:$C$3003,">="&$E$4,ENVIOS!$C$4:$C$3003,"<="&$G$4)/$D18,"—")) | H18: =IF($B18="","",COUNTIFS(NOVEDADES!$AA$4:$AA$1503,"En plazo",NOVEDADES!$B$4:$B$1503,">="&$E$4,NOVEDADES!$B$4:$B$1503,"<="&$G$4,NOVEDADES!$I$4:$I$1503,$B18)+COUNTIFS(NOVEDADES!$AA$4:$AA$1503,"Por vencer",NOVEDADES!$B$4:$B$1503,">="&$E$4,NOVEDADES!$B$4:$B$1503,"<="&$G$4,NOVEDADES!$I$4:$I$1503,$B18)+COUNTIFS(NOVEDADES!$AA$4:$AA$1503,"Vencida",NOVEDADES!$B$4:$B$1503,">="&$E$4,NOVEDADES!$B$4:$B$1503,"<="&$G$4,NOVEDADES!$I$4:$I$1503,$B18)+COUNTIFS(NOVEDADES!$AA$4:$AA$1503,"Sin clasificar",NOVEDADES!$B$4:$B$1503,">="&$E$4,NOVEDADES!$B$4:$B$1503,"<="&$G$4,NOVEDADES!$I$4:$I$1503,$B18)) | I18: =IF($B18="","",COUNTIFS(NOVEDADES!$I$4:$I$1503,$B18,NOVEDADES!$AA$4:$AA$1503,"Vencida",NOVEDADES!$B$4:$B$1503,">="&$E$4,NOVEDADES!$B$4:$B$1503,"<="&$G$4)) | J18: =IF($B18="","",IFERROR(ROUND(AVERAGEIFS(NOVEDADES!$Z$4:$Z$1503,NOVEDADES!$I$4:$I$1503,$B18,NOVEDADES!$B$4:$B$1503,">="&$E$4,NOVEDADES!$B$4:$B$1503,"<="&$G$4),1),0)) | K18: =IF($B18="","",SUMIFS(NOVEDADES!$U$4:$U$1503,NOVEDADES!$I$4:$I$1503,$B18,NOVEDADES!$B$4:$B$1503,">="&$E$4,NOVEDADES!$B$4:$B$1503,"<="&$G$4)) | L18: =IF(OR($B18="",$D18=0,NOT(ISNUMBER($E18))),"—",ROUND($E18*60+(1-N($G18))*25+IF($F18=0,15,(1-$I18/$F18)*15),0)) | M18: =IF(NOT(ISNUMBER($L18)),"—",IF($L18>=90,"A",IF($L18>=80,"B",IF($L18>=70,"C","D"))))
B19: =IF(CONFIG!$R5="","",CONFIG!$R5) | D19: =IF($B19="","",COUNTIFS(ENVIOS!$F$4:$F$3003,$B19,ENVIOS!$C$4:$C$3003,">="&$E$4,ENVIOS!$C$4:$C$3003,"<="&$G$4)) | E19: =IF($B19="","",IFERROR(COUNTIFS(ENVIOS!$F$4:$F$3003,$B19,ENVIOS!$Q$4:$Q$3003,"OTIF",ENVIOS!$C$4:$C$3003,">="&$E$4,ENVIOS!$C$4:$C$3003,"<="&$G$4)/(COUNTIFS(ENVIOS!$F$4:$F$3003,$B19,ENVIOS!$Q$4:$Q$3003,"OTIF",ENVIOS!$C$4:$C$3003,">="&$E$4,ENVIOS!$C$4:$C$3003,"<="&$G$4)+COUNTIFS(ENVIOS!$F$4:$F$3003,$B19,ENVIOS!$Q$4:$Q$3003,"Falló",ENVIOS!$C$4:$C$3003,">="&$E$4,ENVIOS!$C$4:$C$3003,"<="&$G$4)),"—")) | F19: =IF($B19="","",COUNTIFS(NOVEDADES!$I$4:$I$1503,$B19,NOVEDADES!$B$4:$B$1503,">="&$E$4,NOVEDADES!$B$4:$B$1503,"<="&$G$4)) | G19: =IF($B19="","",IFERROR(COUNTIFS(ENVIOS!$F$4:$F$3003,$B19,ENVIOS!$O$4:$O$3003,">0",ENVIOS!$C$4:$C$3003,">="&$E$4,ENVIOS!$C$4:$C$3003,"<="&$G$4)/$D19,"—")) | H19: =IF($B19="","",COUNTIFS(NOVEDADES!$AA$4:$AA$1503,"En plazo",NOVEDADES!$B$4:$B$1503,">="&$E$4,NOVEDADES!$B$4:$B$1503,"<="&$G$4,NOVEDADES!$I$4:$I$1503,$B19)+COUNTIFS(NOVEDADES!$AA$4:$AA$1503,"Por vencer",NOVEDADES!$B$4:$B$1503,">="&$E$4,NOVEDADES!$B$4:$B$1503,"<="&$G$4,NOVEDADES!$I$4:$I$1503,$B19)+COUNTIFS(NOVEDADES!$AA$4:$AA$1503,"Vencida",NOVEDADES!$B$4:$B$1503,">="&$E$4,NOVEDADES!$B$4:$B$1503,"<="&$G$4,NOVEDADES!$I$4:$I$1503,$B19)+COUNTIFS(NOVEDADES!$AA$4:$AA$1503,"Sin clasificar",NOVEDADES!$B$4:$B$1503,">="&$E$4,NOVEDADES!$B$4:$B$1503,"<="&$G$4,NOVEDADES!$I$4:$I$1503,$B19)) | I19: =IF($B19="","",COUNTIFS(NOVEDADES!$I$4:$I$1503,$B19,NOVEDADES!$AA$4:$AA$1503,"Vencida",NOVEDADES!$B$4:$B$1503,">="&$E$4,NOVEDADES!$B$4:$B$1503,"<="&$G$4)) | J19: =IF($B19="","",IFERROR(ROUND(AVERAGEIFS(NOVEDADES!$Z$4:$Z$1503,NOVEDADES!$I$4:$I$1503,$B19,NOVEDADES!$B$4:$B$1503,">="&$E$4,NOVEDADES!$B$4:$B$1503,"<="&$G$4),1),0)) | K19: =IF($B19="","",SUMIFS(NOVEDADES!$U$4:$U$1503,NOVEDADES!$I$4:$I$1503,$B19,NOVEDADES!$B$4:$B$1503,">="&$E$4,NOVEDADES!$B$4:$B$1503,"<="&$G$4)) | L19: =IF(OR($B19="",$D19=0,NOT(ISNUMBER($E19))),"—",ROUND($E19*60+(1-N($G19))*25+IF($F19=0,15,(1-$I19/$F19)*15),0)) | M19: =IF(NOT(ISNUMBER($L19)),"—",IF($L19>=90,"A",IF($L19>=80,"B",IF($L19>=70,"C","D"))))
B20: =IF(CONFIG!$R6="","",CONFIG!$R6) | D20: =IF($B20="","",COUNTIFS(ENVIOS!$F$4:$F$3003,$B20,ENVIOS!$C$4:$C$3003,">="&$E$4,ENVIOS!$C$4:$C$3003,"<="&$G$4)) | E20: =IF($B20="","",IFERROR(COUNTIFS(ENVIOS!$F$4:$F$3003,$B20,ENVIOS!$Q$4:$Q$3003,"OTIF",ENVIOS!$C$4:$C$3003,">="&$E$4,ENVIOS!$C$4:$C$3003,"<="&$G$4)/(COUNTIFS(ENVIOS!$F$4:$F$3003,$B20,ENVIOS!$Q$4:$Q$3003,"OTIF",ENVIOS!$C$4:$C$3003,">="&$E$4,ENVIOS!$C$4:$C$3003,"<="&$G$4)+COUNTIFS(ENVIOS!$F$4:$F$3003,$B20,ENVIOS!$Q$4:$Q$3003,"Falló",ENVIOS!$C$4:$C$3003,">="&$E$4,ENVIOS!$C$4:$C$3003,"<="&$G$4)),"—")) | F20: =IF($B20="","",COUNTIFS(NOVEDADES!$I$4:$I$1503,$B20,NOVEDADES!$B$4:$B$1503,">="&$E$4,NOVEDADES!$B$4:$B$1503,"<="&$G$4)) | G20: =IF($B20="","",IFERROR(COUNTIFS(ENVIOS!$F$4:$F$3003,$B20,ENVIOS!$O$4:$O$3003,">0",ENVIOS!$C$4:$C$3003,">="&$E$4,ENVIOS!$C$4:$C$3003,"<="&$G$4)/$D20,"—")) | H20: =IF($B20="","",COUNTIFS(NOVEDADES!$AA$4:$AA$1503,"En plazo",NOVEDADES!$B$4:$B$1503,">="&$E$4,NOVEDADES!$B$4:$B$1503,"<="&$G$4,NOVEDADES!$I$4:$I$1503,$B20)+COUNTIFS(NOVEDADES!$AA$4:$AA$1503,"Por vencer",NOVEDADES!$B$4:$B$1503,">="&$E$4,NOVEDADES!$B$4:$B$1503,"<="&$G$4,NOVEDADES!$I$4:$I$1503,$B20)+COUNTIFS(NOVEDADES!$AA$4:$AA$1503,"Vencida",NOVEDADES!$B$4:$B$1503,">="&$E$4,NOVEDADES!$B$4:$B$1503,"<="&$G$4,NOVEDADES!$I$4:$I$1503,$B20)+COUNTIFS(NOVEDADES!$AA$4:$AA$1503,"Sin clasificar",NOVEDADES!$B$4:$B$1503,">="&$E$4,NOVEDADES!$B$4:$B$1503,"<="&$G$4,NOVEDADES!$I$4:$I$1503,$B20)) | I20: =IF($B20="","",COUNTIFS(NOVEDADES!$I$4:$I$1503,$B20,NOVEDADES!$AA$4:$AA$1503,"Vencida",NOVEDADES!$B$4:$B$1503,">="&$E$4,NOVEDADES!$B$4:$B$1503,"<="&$G$4)) | J20: =IF($B20="","",IFERROR(ROUND(AVERAGEIFS(NOVEDADES!$Z$4:$Z$1503,NOVEDADES!$I$4:$I$1503,$B20,NOVEDADES!$B$4:$B$1503,">="&$E$4,NOVEDADES!$B$4:$B$1503,"<="&$G$4),1),0)) | K20: =IF($B20="","",SUMIFS(NOVEDADES!$U$4:$U$1503,NOVEDADES!$I$4:$I$1503,$B20,NOVEDADES!$B$4:$B$1503,">="&$E$4,NOVEDADES!$B$4:$B$1503,"<="&$G$4)) | L20: =IF(OR($B20="",$D20=0,NOT(ISNUMBER($E20))),"—",ROUND($E20*60+(1-N($G20))*25+IF($F20=0,15,(1-$I20/$F20)*15),0)) | M20: =IF(NOT(ISNUMBER($L20)),"—",IF($L20>=90,"A",IF($L20>=80,"B",IF($L20>=70,"C","D"))))
B21: =IF(CONFIG!$R7="","",CONFIG!$R7) | D21: =IF($B21="","",COUNTIFS(ENVIOS!$F$4:$F$3003,$B21,ENVIOS!$C$4:$C$3003,">="&$E$4,ENVIOS!$C$4:$C$3003,"<="&$G$4)) | E21: =IF($B21="","",IFERROR(COUNTIFS(ENVIOS!$F$4:$F$3003,$B21,ENVIOS!$Q$4:$Q$3003,"OTIF",ENVIOS!$C$4:$C$3003,">="&$E$4,ENVIOS!$C$4:$C$3003,"<="&$G$4)/(COUNTIFS(ENVIOS!$F$4:$F$3003,$B21,ENVIOS!$Q$4:$Q$3003,"OTIF",ENVIOS!$C$4:$C$3003,">="&$E$4,ENVIOS!$C$4:$C$3003,"<="&$G$4)+COUNTIFS(ENVIOS!$F$4:$F$3003,$B21,ENVIOS!$Q$4:$Q$3003,"Falló",ENVIOS!$C$4:$C$3003,">="&$E$4,ENVIOS!$C$4:$C$3003,"<="&$G$4)),"—")) | F21: =IF($B21="","",COUNTIFS(NOVEDADES!$I$4:$I$1503,$B21,NOVEDADES!$B$4:$B$1503,">="&$E$4,NOVEDADES!$B$4:$B$1503,"<="&$G$4)) | G21: =IF($B21="","",IFERROR(COUNTIFS(ENVIOS!$F$4:$F$3003,$B21,ENVIOS!$O$4:$O$3003,">0",ENVIOS!$C$4:$C$3003,">="&$E$4,ENVIOS!$C$4:$C$3003,"<="&$G$4)/$D21,"—")) | H21: =IF($B21="","",COUNTIFS(NOVEDADES!$AA$4:$AA$1503,"En plazo",NOVEDADES!$B$4:$B$1503,">="&$E$4,NOVEDADES!$B$4:$B$1503,"<="&$G$4,NOVEDADES!$I$4:$I$1503,$B21)+COUNTIFS(NOVEDADES!$AA$4:$AA$1503,"Por vencer",NOVEDADES!$B$4:$B$1503,">="&$E$4,NOVEDADES!$B$4:$B$1503,"<="&$G$4,NOVEDADES!$I$4:$I$1503,$B21)+COUNTIFS(NOVEDADES!$AA$4:$AA$1503,"Vencida",NOVEDADES!$B$4:$B$1503,">="&$E$4,NOVEDADES!$B$4:$B$1503,"<="&$G$4,NOVEDADES!$I$4:$I$1503,$B21)+COUNTIFS(NOVEDADES!$AA$4:$AA$1503,"Sin clasificar",NOVEDADES!$B$4:$B$1503,">="&$E$4,NOVEDADES!$B$4:$B$1503,"<="&$G$4,NOVEDADES!$I$4:$I$1503,$B21)) | I21: =IF($B21="","",COUNTIFS(NOVEDADES!$I$4:$I$1503,$B21,NOVEDADES!$AA$4:$AA$1503,"Vencida",NOVEDADES!$B$4:$B$1503,">="&$E$4,NOVEDADES!$B$4:$B$1503,"<="&$G$4)) | J21: =IF($B21="","",IFERROR(ROUND(AVERAGEIFS(NOVEDADES!$Z$4:$Z$1503,NOVEDADES!$I$4:$I$1503,$B21,NOVEDADES!$B$4:$B$1503,">="&$E$4,NOVEDADES!$B$4:$B$1503,"<="&$G$4),1),0)) | K21: =IF($B21="","",SUMIFS(NOVEDADES!$U$4:$U$1503,NOVEDADES!$I$4:$I$1503,$B21,NOVEDADES!$B$4:$B$1503,">="&$E$4,NOVEDADES!$B$4:$B$1503,"<="&$G$4)) | L21: =IF(OR($B21="",$D21=0,NOT(ISNUMBER($E21))),"—",ROUND($E21*60+(1-N($G21))*25+IF($F21=0,15,(1-$I21/$F21)*15),0)) | M21: =IF(NOT(ISNUMBER($L21)),"—",IF($L21>=90,"A",IF($L21>=80,"B",IF($L21>=70,"C","D"))))
B22: =IF(CONFIG!$R8="","",CONFIG!$R8) | D22: =IF($B22="","",COUNTIFS(ENVIOS!$F$4:$F$3003,$B22,ENVIOS!$C$4:$C$3003,">="&$E$4,ENVIOS!$C$4:$C$3003,"<="&$G$4)) | E22: =IF($B22="","",IFERROR(COUNTIFS(ENVIOS!$F$4:$F$3003,$B22,ENVIOS!$Q$4:$Q$3003,"OTIF",ENVIOS!$C$4:$C$3003,">="&$E$4,ENVIOS!$C$4:$C$3003,"<="&$G$4)/(COUNTIFS(ENVIOS!$F$4:$F$3003,$B22,ENVIOS!$Q$4:$Q$3003,"OTIF",ENVIOS!$C$4:$C$3003,">="&$E$4,ENVIOS!$C$4:$C$3003,"<="&$G$4)+COUNTIFS(ENVIOS!$F$4:$F$3003,$B22,ENVIOS!$Q$4:$Q$3003,"Falló",ENVIOS!$C$4:$C$3003,">="&$E$4,ENVIOS!$C$4:$C$3003,"<="&$G$4)),"—")) | F22: =IF($B22="","",COUNTIFS(NOVEDADES!$I$4:$I$1503,$B22,NOVEDADES!$B$4:$B$1503,">="&$E$4,NOVEDADES!$B$4:$B$1503,"<="&$G$4)) | G22: =IF($B22="","",IFERROR(COUNTIFS(ENVIOS!$F$4:$F$3003,$B22,ENVIOS!$O$4:$O$3003,">0",ENVIOS!$C$4:$C$3003,">="&$E$4,ENVIOS!$C$4:$C$3003,"<="&$G$4)/$D22,"—")) | H22: =IF($B22="","",COUNTIFS(NOVEDADES!$AA$4:$AA$1503,"En plazo",NOVEDADES!$B$4:$B$1503,">="&$E$4,NOVEDADES!$B$4:$B$1503,"<="&$G$4,NOVEDADES!$I$4:$I$1503,$B22)+COUNTIFS(NOVEDADES!$AA$4:$AA$1503,"Por vencer",NOVEDADES!$B$4:$B$1503,">="&$E$4,NOVEDADES!$B$4:$B$1503,"<="&$G$4,NOVEDADES!$I$4:$I$1503,$B22)+COUNTIFS(NOVEDADES!$AA$4:$AA$1503,"Vencida",NOVEDADES!$B$4:$B$1503,">="&$E$4,NOVEDADES!$B$4:$B$1503,"<="&$G$4,NOVEDADES!$I$4:$I$1503,$B22)+COUNTIFS(NOVEDADES!$AA$4:$AA$1503,"Sin clasificar",NOVEDADES!$B$4:$B$1503,">="&$E$4,NOVEDADES!$B$4:$B$1503,"<="&$G$4,NOVEDADES!$I$4:$I$1503,$B22)) | I22: =IF($B22="","",COUNTIFS(NOVEDADES!$I$4:$I$1503,$B22,NOVEDADES!$AA$4:$AA$1503,"Vencida",NOVEDADES!$B$4:$B$1503,">="&$E$4,NOVEDADES!$B$4:$B$1503,"<="&$G$4)) | J22: =IF($B22="","",IFERROR(ROUND(AVERAGEIFS(NOVEDADES!$Z$4:$Z$1503,NOVEDADES!$I$4:$I$1503,$B22,NOVEDADES!$B$4:$B$1503,">="&$E$4,NOVEDADES!$B$4:$B$1503,"<="&$G$4),1),0)) | K22: =IF($B22="","",SUMIFS(NOVEDADES!$U$4:$U$1503,NOVEDADES!$I$4:$I$1503,$B22,NOVEDADES!$B$4:$B$1503,">="&$E$4,NOVEDADES!$B$4:$B$1503,"<="&$G$4)) | L22: =IF(OR($B22="",$D22=0,NOT(ISNUMBER($E22))),"—",ROUND($E22*60+(1-N($G22))*25+IF($F22=0,15,(1-$I22/$F22)*15),0)) | M22: =IF(NOT(ISNUMBER($L22)),"—",IF($L22>=90,"A",IF($L22>=80,"B",IF($L22>=70,"C","D"))))
B23: =IF(CONFIG!$R9="","",CONFIG!$R9) | D23: =IF($B23="","",COUNTIFS(ENVIOS!$F$4:$F$3003,$B23,ENVIOS!$C$4:$C$3003,">="&$E$4,ENVIOS!$C$4:$C$3003,"<="&$G$4)) | E23: =IF($B23="","",IFERROR(COUNTIFS(ENVIOS!$F$4:$F$3003,$B23,ENVIOS!$Q$4:$Q$3003,"OTIF",ENVIOS!$C$4:$C$3003,">="&$E$4,ENVIOS!$C$4:$C$3003,"<="&$G$4)/(COUNTIFS(ENVIOS!$F$4:$F$3003,$B23,ENVIOS!$Q$4:$Q$3003,"OTIF",ENVIOS!$C$4:$C$3003,">="&$E$4,ENVIOS!$C$4:$C$3003,"<="&$G$4)+COUNTIFS(ENVIOS!$F$4:$F$3003,$B23,ENVIOS!$Q$4:$Q$3003,"Falló",ENVIOS!$C$4:$C$3003,">="&$E$4,ENVIOS!$C$4:$C$3003,"<="&$G$4)),"—")) | F23: =IF($B23="","",COUNTIFS(NOVEDADES!$I$4:$I$1503,$B23,NOVEDADES!$B$4:$B$1503,">="&$E$4,NOVEDADES!$B$4:$B$1503,"<="&$G$4)) | G23: =IF($B23="","",IFERROR(COUNTIFS(ENVIOS!$F$4:$F$3003,$B23,ENVIOS!$O$4:$O$3003,">0",ENVIOS!$C$4:$C$3003,">="&$E$4,ENVIOS!$C$4:$C$3003,"<="&$G$4)/$D23,"—")) | H23: =IF($B23="","",COUNTIFS(NOVEDADES!$AA$4:$AA$1503,"En plazo",NOVEDADES!$B$4:$B$1503,">="&$E$4,NOVEDADES!$B$4:$B$1503,"<="&$G$4,NOVEDADES!$I$4:$I$1503,$B23)+COUNTIFS(NOVEDADES!$AA$4:$AA$1503,"Por vencer",NOVEDADES!$B$4:$B$1503,">="&$E$4,NOVEDADES!$B$4:$B$1503,"<="&$G$4,NOVEDADES!$I$4:$I$1503,$B23)+COUNTIFS(NOVEDADES!$AA$4:$AA$1503,"Vencida",NOVEDADES!$B$4:$B$1503,">="&$E$4,NOVEDADES!$B$4:$B$1503,"<="&$G$4,NOVEDADES!$I$4:$I$1503,$B23)+COUNTIFS(NOVEDADES!$AA$4:$AA$1503,"Sin clasificar",NOVEDADES!$B$4:$B$1503,">="&$E$4,NOVEDADES!$B$4:$B$1503,"<="&$G$4,NOVEDADES!$I$4:$I$1503,$B23)) | I23: =IF($B23="","",COUNTIFS(NOVEDADES!$I$4:$I$1503,$B23,NOVEDADES!$AA$4:$AA$1503,"Vencida",NOVEDADES!$B$4:$B$1503,">="&$E$4,NOVEDADES!$B$4:$B$1503,"<="&$G$4)) | J23: =IF($B23="","",IFERROR(ROUND(AVERAGEIFS(NOVEDADES!$Z$4:$Z$1503,NOVEDADES!$I$4:$I$1503,$B23,NOVEDADES!$B$4:$B$1503,">="&$E$4,NOVEDADES!$B$4:$B$1503,"<="&$G$4),1),0)) | K23: =IF($B23="","",SUMIFS(NOVEDADES!$U$4:$U$1503,NOVEDADES!$I$4:$I$1503,$B23,NOVEDADES!$B$4:$B$1503,">="&$E$4,NOVEDADES!$B$4:$B$1503,"<="&$G$4)) | L23: =IF(OR($B23="",$D23=0,NOT(ISNUMBER($E23))),"—",ROUND($E23*60+(1-N($G23))*25+IF($F23=0,15,(1-$I23/$F23)*15),0)) | M23: =IF(NOT(ISNUMBER($L23)),"—",IF($L23>=90,"A",IF($L23>=80,"B",IF($L23>=70,"C","D"))))
B24: =IF(CONFIG!$R10="","",CONFIG!$R10) | D24: =IF($B24="","",COUNTIFS(ENVIOS!$F$4:$F$3003,$B24,ENVIOS!$C$4:$C$3003,">="&$E$4,ENVIOS!$C$4:$C$3003,"<="&$G$4)) | E24: =IF($B24="","",IFERROR(COUNTIFS(ENVIOS!$F$4:$F$3003,$B24,ENVIOS!$Q$4:$Q$3003,"OTIF",ENVIOS!$C$4:$C$3003,">="&$E$4,ENVIOS!$C$4:$C$3003,"<="&$G$4)/(COUNTIFS(ENVIOS!$F$4:$F$3003,$B24,ENVIOS!$Q$4:$Q$3003,"OTIF",ENVIOS!$C$4:$C$3003,">="&$E$4,ENVIOS!$C$4:$C$3003,"<="&$G$4)+COUNTIFS(ENVIOS!$F$4:$F$3003,$B24,ENVIOS!$Q$4:$Q$3003,"Falló",ENVIOS!$C$4:$C$3003,">="&$E$4,ENVIOS!$C$4:$C$3003,"<="&$G$4)),"—")) | F24: =IF($B24="","",COUNTIFS(NOVEDADES!$I$4:$I$1503,$B24,NOVEDADES!$B$4:$B$1503,">="&$E$4,NOVEDADES!$B$4:$B$1503,"<="&$G$4)) | G24: =IF($B24="","",IFERROR(COUNTIFS(ENVIOS!$F$4:$F$3003,$B24,ENVIOS!$O$4:$O$3003,">0",ENVIOS!$C$4:$C$3003,">="&$E$4,ENVIOS!$C$4:$C$3003,"<="&$G$4)/$D24,"—")) | H24: =IF($B24="","",COUNTIFS(NOVEDADES!$AA$4:$AA$1503,"En plazo",NOVEDADES!$B$4:$B$1503,">="&$E$4,NOVEDADES!$B$4:$B$1503,"<="&$G$4,NOVEDADES!$I$4:$I$1503,$B24)+COUNTIFS(NOVEDADES!$AA$4:$AA$1503,"Por vencer",NOVEDADES!$B$4:$B$1503,">="&$E$4,NOVEDADES!$B$4:$B$1503,"<="&$G$4,NOVEDADES!$I$4:$I$1503,$B24)+COUNTIFS(NOVEDADES!$AA$4:$AA$1503,"Vencida",NOVEDADES!$B$4:$B$1503,">="&$E$4,NOVEDADES!$B$4:$B$1503,"<="&$G$4,NOVEDADES!$I$4:$I$1503,$B24)+COUNTIFS(NOVEDADES!$AA$4:$AA$1503,"Sin clasificar",NOVEDADES!$B$4:$B$1503,">="&$E$4,NOVEDADES!$B$4:$B$1503,"<="&$G$4,NOVEDADES!$I$4:$I$1503,$B24)) | I24: =IF($B24="","",COUNTIFS(NOVEDADES!$I$4:$I$1503,$B24,NOVEDADES!$AA$4:$AA$1503,"Vencida",NOVEDADES!$B$4:$B$1503,">="&$E$4,NOVEDADES!$B$4:$B$1503,"<="&$G$4)) | J24: =IF($B24="","",IFERROR(ROUND(AVERAGEIFS(NOVEDADES!$Z$4:$Z$1503,NOVEDADES!$I$4:$I$1503,$B24,NOVEDADES!$B$4:$B$1503,">="&$E$4,NOVEDADES!$B$4:$B$1503,"<="&$G$4),1),0)) | K24: =IF($B24="","",SUMIFS(NOVEDADES!$U$4:$U$1503,NOVEDADES!$I$4:$I$1503,$B24,NOVEDADES!$B$4:$B$1503,">="&$E$4,NOVEDADES!$B$4:$B$1503,"<="&$G$4)) | L24: =IF(OR($B24="",$D24=0,NOT(ISNUMBER($E24))),"—",ROUND($E24*60+(1-N($G24))*25+IF($F24=0,15,(1-$I24/$F24)*15),0)) | M24: =IF(NOT(ISNUMBER($L24)),"—",IF($L24>=90,"A",IF($L24>=80,"B",IF($L24>=70,"C","D"))))
B25: =IF(CONFIG!$R11="","",CONFIG!$R11) | D25: =IF($B25="","",COUNTIFS(ENVIOS!$F$4:$F$3003,$B25,ENVIOS!$C$4:$C$3003,">="&$E$4,ENVIOS!$C$4:$C$3003,"<="&$G$4)) | E25: =IF($B25="","",IFERROR(COUNTIFS(ENVIOS!$F$4:$F$3003,$B25,ENVIOS!$Q$4:$Q$3003,"OTIF",ENVIOS!$C$4:$C$3003,">="&$E$4,ENVIOS!$C$4:$C$3003,"<="&$G$4)/(COUNTIFS(ENVIOS!$F$4:$F$3003,$B25,ENVIOS!$Q$4:$Q$3003,"OTIF",ENVIOS!$C$4:$C$3003,">="&$E$4,ENVIOS!$C$4:$C$3003,"<="&$G$4)+COUNTIFS(ENVIOS!$F$4:$F$3003,$B25,ENVIOS!$Q$4:$Q$3003,"Falló",ENVIOS!$C$4:$C$3003,">="&$E$4,ENVIOS!$C$4:$C$3003,"<="&$G$4)),"—")) | F25: =IF($B25="","",COUNTIFS(NOVEDADES!$I$4:$I$1503,$B25,NOVEDADES!$B$4:$B$1503,">="&$E$4,NOVEDADES!$B$4:$B$1503,"<="&$G$4)) | G25: =IF($B25="","",IFERROR(COUNTIFS(ENVIOS!$F$4:$F$3003,$B25,ENVIOS!$O$4:$O$3003,">0",ENVIOS!$C$4:$C$3003,">="&$E$4,ENVIOS!$C$4:$C$3003,"<="&$G$4)/$D25,"—")) | H25: =IF($B25="","",COUNTIFS(NOVEDADES!$AA$4:$AA$1503,"En plazo",NOVEDADES!$B$4:$B$1503,">="&$E$4,NOVEDADES!$B$4:$B$1503,"<="&$G$4,NOVEDADES!$I$4:$I$1503,$B25)+COUNTIFS(NOVEDADES!$AA$4:$AA$1503,"Por vencer",NOVEDADES!$B$4:$B$1503,">="&$E$4,NOVEDADES!$B$4:$B$1503,"<="&$G$4,NOVEDADES!$I$4:$I$1503,$B25)+COUNTIFS(NOVEDADES!$AA$4:$AA$1503,"Vencida",NOVEDADES!$B$4:$B$1503,">="&$E$4,NOVEDADES!$B$4:$B$1503,"<="&$G$4,NOVEDADES!$I$4:$I$1503,$B25)+COUNTIFS(NOVEDADES!$AA$4:$AA$1503,"Sin clasificar",NOVEDADES!$B$4:$B$1503,">="&$E$4,NOVEDADES!$B$4:$B$1503,"<="&$G$4,NOVEDADES!$I$4:$I$1503,$B25)) | I25: =IF($B25="","",COUNTIFS(NOVEDADES!$I$4:$I$1503,$B25,NOVEDADES!$AA$4:$AA$1503,"Vencida",NOVEDADES!$B$4:$B$1503,">="&$E$4,NOVEDADES!$B$4:$B$1503,"<="&$G$4)) | J25: =IF($B25="","",IFERROR(ROUND(AVERAGEIFS(NOVEDADES!$Z$4:$Z$1503,NOVEDADES!$I$4:$I$1503,$B25,NOVEDADES!$B$4:$B$1503,">="&$E$4,NOVEDADES!$B$4:$B$1503,"<="&$G$4),1),0)) | K25: =IF($B25="","",SUMIFS(NOVEDADES!$U$4:$U$1503,NOVEDADES!$I$4:$I$1503,$B25,NOVEDADES!$B$4:$B$1503,">="&$E$4,NOVEDADES!$B$4:$B$1503,"<="&$G$4)) | L25: =IF(OR($B25="",$D25=0,NOT(ISNUMBER($E25))),"—",ROUND($E25*60+(1-N($G25))*25+IF($F25=0,15,(1-$I25/$F25)*15),0)) | M25: =IF(NOT(ISNUMBER($L25)),"—",IF($L25>=90,"A",IF($L25>=80,"B",IF($L25>=70,"C","D"))))
B26: =IF(CONFIG!$R12="","",CONFIG!$R12) | D26: =IF($B26="","",COUNTIFS(ENVIOS!$F$4:$F$3003,$B26,ENVIOS!$C$4:$C$3003,">="&$E$4,ENVIOS!$C$4:$C$3003,"<="&$G$4)) | E26: =IF($B26="","",IFERROR(COUNTIFS(ENVIOS!$F$4:$F$3003,$B26,ENVIOS!$Q$4:$Q$3003,"OTIF",ENVIOS!$C$4:$C$3003,">="&$E$4,ENVIOS!$C$4:$C$3003,"<="&$G$4)/(COUNTIFS(ENVIOS!$F$4:$F$3003,$B26,ENVIOS!$Q$4:$Q$3003,"OTIF",ENVIOS!$C$4:$C$3003,">="&$E$4,ENVIOS!$C$4:$C$3003,"<="&$G$4)+COUNTIFS(ENVIOS!$F$4:$F$3003,$B26,ENVIOS!$Q$4:$Q$3003,"Falló",ENVIOS!$C$4:$C$3003,">="&$E$4,ENVIOS!$C$4:$C$3003,"<="&$G$4)),"—")) | F26: =IF($B26="","",COUNTIFS(NOVEDADES!$I$4:$I$1503,$B26,NOVEDADES!$B$4:$B$1503,">="&$E$4,NOVEDADES!$B$4:$B$1503,"<="&$G$4)) | G26: =IF($B26="","",IFERROR(COUNTIFS(ENVIOS!$F$4:$F$3003,$B26,ENVIOS!$O$4:$O$3003,">0",ENVIOS!$C$4:$C$3003,">="&$E$4,ENVIOS!$C$4:$C$3003,"<="&$G$4)/$D26,"—")) | H26: =IF($B26="","",COUNTIFS(NOVEDADES!$AA$4:$AA$1503,"En plazo",NOVEDADES!$B$4:$B$1503,">="&$E$4,NOVEDADES!$B$4:$B$1503,"<="&$G$4,NOVEDADES!$I$4:$I$1503,$B26)+COUNTIFS(NOVEDADES!$AA$4:$AA$1503,"Por vencer",NOVEDADES!$B$4:$B$1503,">="&$E$4,NOVEDADES!$B$4:$B$1503,"<="&$G$4,NOVEDADES!$I$4:$I$1503,$B26)+COUNTIFS(NOVEDADES!$AA$4:$AA$1503,"Vencida",NOVEDADES!$B$4:$B$1503,">="&$E$4,NOVEDADES!$B$4:$B$1503,"<="&$G$4,NOVEDADES!$I$4:$I$1503,$B26)+COUNTIFS(NOVEDADES!$AA$4:$AA$1503,"Sin clasificar",NOVEDADES!$B$4:$B$1503,">="&$E$4,NOVEDADES!$B$4:$B$1503,"<="&$G$4,NOVEDADES!$I$4:$I$1503,$B26)) | I26: =IF($B26="","",COUNTIFS(NOVEDADES!$I$4:$I$1503,$B26,NOVEDADES!$AA$4:$AA$1503,"Vencida",NOVEDADES!$B$4:$B$1503,">="&$E$4,NOVEDADES!$B$4:$B$1503,"<="&$G$4)) | J26: =IF($B26="","",IFERROR(ROUND(AVERAGEIFS(NOVEDADES!$Z$4:$Z$1503,NOVEDADES!$I$4:$I$1503,$B26,NOVEDADES!$B$4:$B$1503,">="&$E$4,NOVEDADES!$B$4:$B$1503,"<="&$G$4),1),0)) | K26: =IF($B26="","",SUMIFS(NOVEDADES!$U$4:$U$1503,NOVEDADES!$I$4:$I$1503,$B26,NOVEDADES!$B$4:$B$1503,">="&$E$4,NOVEDADES!$B$4:$B$1503,"<="&$G$4)) | L26: =IF(OR($B26="",$D26=0,NOT(ISNUMBER($E26))),"—",ROUND($E26*60+(1-N($G26))*25+IF($F26=0,15,(1-$I26/$F26)*15),0)) | M26: =IF(NOT(ISNUMBER($L26)),"—",IF($L26>=90,"A",IF($L26>=80,"B",IF($L26>=70,"C","D"))))
B27: =IF(CONFIG!$R13="","",CONFIG!$R13) | D27: =IF($B27="","",COUNTIFS(ENVIOS!$F$4:$F$3003,$B27,ENVIOS!$C$4:$C$3003,">="&$E$4,ENVIOS!$C$4:$C$3003,"<="&$G$4)) | E27: =IF($B27="","",IFERROR(COUNTIFS(ENVIOS!$F$4:$F$3003,$B27,ENVIOS!$Q$4:$Q$3003,"OTIF",ENVIOS!$C$4:$C$3003,">="&$E$4,ENVIOS!$C$4:$C$3003,"<="&$G$4)/(COUNTIFS(ENVIOS!$F$4:$F$3003,$B27,ENVIOS!$Q$4:$Q$3003,"OTIF",ENVIOS!$C$4:$C$3003,">="&$E$4,ENVIOS!$C$4:$C$3003,"<="&$G$4)+COUNTIFS(ENVIOS!$F$4:$F$3003,$B27,ENVIOS!$Q$4:$Q$3003,"Falló",ENVIOS!$C$4:$C$3003,">="&$E$4,ENVIOS!$C$4:$C$3003,"<="&$G$4)),"—")) | F27: =IF($B27="","",COUNTIFS(NOVEDADES!$I$4:$I$1503,$B27,NOVEDADES!$B$4:$B$1503,">="&$E$4,NOVEDADES!$B$4:$B$1503,"<="&$G$4)) | G27: =IF($B27="","",IFERROR(COUNTIFS(ENVIOS!$F$4:$F$3003,$B27,ENVIOS!$O$4:$O$3003,">0",ENVIOS!$C$4:$C$3003,">="&$E$4,ENVIOS!$C$4:$C$3003,"<="&$G$4)/$D27,"—")) | H27: =IF($B27="","",COUNTIFS(NOVEDADES!$AA$4:$AA$1503,"En plazo",NOVEDADES!$B$4:$B$1503,">="&$E$4,NOVEDADES!$B$4:$B$1503,"<="&$G$4,NOVEDADES!$I$4:$I$1503,$B27)+COUNTIFS(NOVEDADES!$AA$4:$AA$1503,"Por vencer",NOVEDADES!$B$4:$B$1503,">="&$E$4,NOVEDADES!$B$4:$B$1503,"<="&$G$4,NOVEDADES!$I$4:$I$1503,$B27)+COUNTIFS(NOVEDADES!$AA$4:$AA$1503,"Vencida",NOVEDADES!$B$4:$B$1503,">="&$E$4,NOVEDADES!$B$4:$B$1503,"<="&$G$4,NOVEDADES!$I$4:$I$1503,$B27)+COUNTIFS(NOVEDADES!$AA$4:$AA$1503,"Sin clasificar",NOVEDADES!$B$4:$B$1503,">="&$E$4,NOVEDADES!$B$4:$B$1503,"<="&$G$4,NOVEDADES!$I$4:$I$1503,$B27)) | I27: =IF($B27="","",COUNTIFS(NOVEDADES!$I$4:$I$1503,$B27,NOVEDADES!$AA$4:$AA$1503,"Vencida",NOVEDADES!$B$4:$B$1503,">="&$E$4,NOVEDADES!$B$4:$B$1503,"<="&$G$4)) | J27: =IF($B27="","",IFERROR(ROUND(AVERAGEIFS(NOVEDADES!$Z$4:$Z$1503,NOVEDADES!$I$4:$I$1503,$B27,NOVEDADES!$B$4:$B$1503,">="&$E$4,NOVEDADES!$B$4:$B$1503,"<="&$G$4),1),0)) | K27: =IF($B27="","",SUMIFS(NOVEDADES!$U$4:$U$1503,NOVEDADES!$I$4:$I$1503,$B27,NOVEDADES!$B$4:$B$1503,">="&$E$4,NOVEDADES!$B$4:$B$1503,"<="&$G$4)) | L27: =IF(OR($B27="",$D27=0,NOT(ISNUMBER($E27))),"—",ROUND($E27*60+(1-N($G27))*25+IF($F27=0,15,(1-$I27/$F27)*15),0)) | M27: =IF(NOT(ISNUMBER($L27)),"—",IF($L27>=90,"A",IF($L27>=80,"B",IF($L27>=70,"C","D"))))
B28: ="TOTAL" | D28: =SUM($D$18:$D$27) | E28: =IFERROR(COUNTIFS(ENVIOS!$Q$4:$Q$3003,"OTIF",ENVIOS!$C$4:$C$3003,">="&$E$4,ENVIOS!$C$4:$C$3003,"<="&$G$4)/(COUNTIFS(ENVIOS!$Q$4:$Q$3003,"OTIF",ENVIOS!$C$4:$C$3003,">="&$E$4,ENVIOS!$C$4:$C$3003,"<="&$G$4)+COUNTIFS(ENVIOS!$Q$4:$Q$3003,"Falló",ENVIOS!$C$4:$C$3003,">="&$E$4,ENVIOS!$C$4:$C$3003,"<="&$G$4)),"—") | F28: =SUM($F$18:$F$27) | G28: =IFERROR(COUNTIFS(ENVIOS!$O$4:$O$3003,">0",ENVIOS!$C$4:$C$3003,">="&$E$4,ENVIOS!$C$4:$C$3003,"<="&$G$4)/COUNTIFS(ENVIOS!$C$4:$C$3003,">="&$E$4,ENVIOS!$C$4:$C$3003,"<="&$G$4),"—") | H28: =SUM($H$18:$H$27) | I28: =SUM($I$18:$I$27) | J28: =IFERROR(ROUND(AVERAGEIFS(NOVEDADES!$Z$4:$Z$1503,NOVEDADES!$C$4:$C$1503,"En ruta",NOVEDADES!$B$4:$B$1503,">="&$E$4,NOVEDADES!$B$4:$B$1503,"<="&$G$4),1),0) | K28: =SUM($K$18:$K$27)
B30: 2 · PARETO DE CAUSA RAÍZ — dónde atacar primero
B31: Regla 80/20: las causas que aparecen hasta llegar a 80% en la columna «% acumulado» son las que explican casi todas sus novedades. Empiece por ahí. Incluye en ruta e internas.
B32: Causa raíz | D32: Casos | E32: % de las novedades | F32: % acumulado | G32: Valor afectado | H32: Familia (6M) | I32: Área responsable
B33: =IFERROR(INDEX(CONFIG!$G$4:$G$33,MATCH(LARGE(CONFIG!$V$4:$V$33,1),CONFIG!$V$4:$V$33,0)),"") | D33: =IF($B33="","",ROUNDDOWN(LARGE(CONFIG!$V$4:$V$33,1),0)) | E33: =IF($B33="","",IFERROR($D33/$D$45,0)) | F33: =IF($B33="","",IFERROR(SUM($D$33:$D33)/$D$45,0)) | G33: =IF($B33="","",SUMIFS(NOVEDADES!$U$4:$U$1503,NOVEDADES!$Q$4:$Q$1503,$B33,NOVEDADES!$B$4:$B$1503,">="&$E$4,NOVEDADES!$B$4:$B$1503,"<="&$G$4)) | H33: =IF($B33="","",IFERROR(INDEX(CONFIG!$H$4:$H$63,MATCH($B33,CONFIG!$G$4:$G$63,0)),"")) | I33: =IF($B33="","",IFERROR(INDEX(CONFIG!$I$4:$I$63,MATCH($B33,CONFIG!$G$4:$G$63,0)),""))
B34: =IFERROR(INDEX(CONFIG!$G$4:$G$33,MATCH(LARGE(CONFIG!$V$4:$V$33,2),CONFIG!$V$4:$V$33,0)),"") | D34: =IF($B34="","",ROUNDDOWN(LARGE(CONFIG!$V$4:$V$33,2),0)) | E34: =IF($B34="","",IFERROR($D34/$D$45,0)) | F34: =IF($B34="","",IFERROR(SUM($D$33:$D34)/$D$45,0)) | G34: =IF($B34="","",SUMIFS(NOVEDADES!$U$4:$U$1503,NOVEDADES!$Q$4:$Q$1503,$B34,NOVEDADES!$B$4:$B$1503,">="&$E$4,NOVEDADES!$B$4:$B$1503,"<="&$G$4)) | H34: =IF($B34="","",IFERROR(INDEX(CONFIG!$H$4:$H$63,MATCH($B34,CONFIG!$G$4:$G$63,0)),"")) | I34: =IF($B34="","",IFERROR(INDEX(CONFIG!$I$4:$I$63,MATCH($B34,CONFIG!$G$4:$G$63,0)),""))
B35: =IFERROR(INDEX(CONFIG!$G$4:$G$33,MATCH(LARGE(CONFIG!$V$4:$V$33,3),CONFIG!$V$4:$V$33,0)),"") | D35: =IF($B35="","",ROUNDDOWN(LARGE(CONFIG!$V$4:$V$33,3),0)) | E35: =IF($B35="","",IFERROR($D35/$D$45,0)) | F35: =IF($B35="","",IFERROR(SUM($D$33:$D35)/$D$45,0)) | G35: =IF($B35="","",SUMIFS(NOVEDADES!$U$4:$U$1503,NOVEDADES!$Q$4:$Q$1503,$B35,NOVEDADES!$B$4:$B$1503,">="&$E$4,NOVEDADES!$B$4:$B$1503,"<="&$G$4)) | H35: =IF($B35="","",IFERROR(INDEX(CONFIG!$H$4:$H$63,MATCH($B35,CONFIG!$G$4:$G$63,0)),"")) | I35: =IF($B35="","",IFERROR(INDEX(CONFIG!$I$4:$I$63,MATCH($B35,CONFIG!$G$4:$G$63,0)),""))
B36: =IFERROR(INDEX(CONFIG!$G$4:$G$33,MATCH(LARGE(CONFIG!$V$4:$V$33,4),CONFIG!$V$4:$V$33,0)),"") | D36: =IF($B36="","",ROUNDDOWN(LARGE(CONFIG!$V$4:$V$33,4),0)) | E36: =IF($B36="","",IFERROR($D36/$D$45,0)) | F36: =IF($B36="","",IFERROR(SUM($D$33:$D36)/$D$45,0)) | G36: =IF($B36="","",SUMIFS(NOVEDADES!$U$4:$U$1503,NOVEDADES!$Q$4:$Q$1503,$B36,NOVEDADES!$B$4:$B$1503,">="&$E$4,NOVEDADES!$B$4:$B$1503,"<="&$G$4)) | H36: =IF($B36="","",IFERROR(INDEX(CONFIG!$H$4:$H$63,MATCH($B36,CONFIG!$G$4:$G$63,0)),"")) | I36: =IF($B36="","",IFERROR(INDEX(CONFIG!$I$4:$I$63,MATCH($B36,CONFIG!$G$4:$G$63,0)),""))
B37: =IFERROR(INDEX(CONFIG!$G$4:$G$33,MATCH(LARGE(CONFIG!$V$4:$V$33,5),CONFIG!$V$4:$V$33,0)),"") | D37: =IF($B37="","",ROUNDDOWN(LARGE(CONFIG!$V$4:$V$33,5),0)) | E37: =IF($B37="","",IFERROR($D37/$D$45,0)) | F37: =IF($B37="","",IFERROR(SUM($D$33:$D37)/$D$45,0)) | G37: =IF($B37="","",SUMIFS(NOVEDADES!$U$4:$U$1503,NOVEDADES!$Q$4:$Q$1503,$B37,NOVEDADES!$B$4:$B$1503,">="&$E$4,NOVEDADES!$B$4:$B$1503,"<="&$G$4)) | H37: =IF($B37="","",IFERROR(INDEX(CONFIG!$H$4:$H$63,MATCH($B37,CONFIG!$G$4:$G$63,0)),"")) | I37: =IF($B37="","",IFERROR(INDEX(CONFIG!$I$4:$I$63,MATCH($B37,CONFIG!$G$4:$G$63,0)),""))
B38: =IFERROR(INDEX(CONFIG!$G$4:$G$33,MATCH(LARGE(CONFIG!$V$4:$V$33,6),CONFIG!$V$4:$V$33,0)),"") | D38: =IF($B38="","",ROUNDDOWN(LARGE(CONFIG!$V$4:$V$33,6),0)) | E38: =IF($B38="","",IFERROR($D38/$D$45,0)) | F38: =IF($B38="","",IFERROR(SUM($D$33:$D38)/$D$45,0)) | G38: =IF($B38="","",SUMIFS(NOVEDADES!$U$4:$U$1503,NOVEDADES!$Q$4:$Q$1503,$B38,NOVEDADES!$B$4:$B$1503,">="&$E$4,NOVEDADES!$B$4:$B$1503,"<="&$G$4)) | H38: =IF($B38="","",IFERROR(INDEX(CONFIG!$H$4:$H$63,MATCH($B38,CONFIG!$G$4:$G$63,0)),"")) | I38: =IF($B38="","",IFERROR(INDEX(CONFIG!$I$4:$I$63,MATCH($B38,CONFIG!$G$4:$G$63,0)),""))
B39: =IFERROR(INDEX(CONFIG!$G$4:$G$33,MATCH(LARGE(CONFIG!$V$4:$V$33,7),CONFIG!$V$4:$V$33,0)),"") | D39: =IF($B39="","",ROUNDDOWN(LARGE(CONFIG!$V$4:$V$33,7),0)) | E39: =IF($B39="","",IFERROR($D39/$D$45,0)) | F39: =IF($B39="","",IFERROR(SUM($D$33:$D39)/$D$45,0)) | G39: =IF($B39="","",SUMIFS(NOVEDADES!$U$4:$U$1503,NOVEDADES!$Q$4:$Q$1503,$B39,NOVEDADES!$B$4:$B$1503,">="&$E$4,NOVEDADES!$B$4:$B$1503,"<="&$G$4)) | H39: =IF($B39="","",IFERROR(INDEX(CONFIG!$H$4:$H$63,MATCH($B39,CONFIG!$G$4:$G$63,0)),"")) | I39: =IF($B39="","",IFERROR(INDEX(CONFIG!$I$4:$I$63,MATCH($B39,CONFIG!$G$4:$G$63,0)),""))
B40: =IFERROR(INDEX(CONFIG!$G$4:$G$33,MATCH(LARGE(CONFIG!$V$4:$V$33,8),CONFIG!$V$4:$V$33,0)),"") | D40: =IF($B40="","",ROUNDDOWN(LARGE(CONFIG!$V$4:$V$33,8),0)) | E40: =IF($B40="","",IFERROR($D40/$D$45,0)) | F40: =IF($B40="","",IFERROR(SUM($D$33:$D40)/$D$45,0)) | G40: =IF($B40="","",SUMIFS(NOVEDADES!$U$4:$U$1503,NOVEDADES!$Q$4:$Q$1503,$B40,NOVEDADES!$B$4:$B$1503,">="&$E$4,NOVEDADES!$B$4:$B$1503,"<="&$G$4)) | H40: =IF($B40="","",IFERROR(INDEX(CONFIG!$H$4:$H$63,MATCH($B40,CONFIG!$G$4:$G$63,0)),"")) | I40: =IF($B40="","",IFERROR(INDEX(CONFIG!$I$4:$I$63,MATCH($B40,CONFIG!$G$4:$G$63,0)),""))
B41: =IFERROR(INDEX(CONFIG!$G$4:$G$33,MATCH(LARGE(CONFIG!$V$4:$V$33,9),CONFIG!$V$4:$V$33,0)),"") | D41: =IF($B41="","",ROUNDDOWN(LARGE(CONFIG!$V$4:$V$33,9),0)) | E41: =IF($B41="","",IFERROR($D41/$D$45,0)) | F41: =IF($B41="","",IFERROR(SUM($D$33:$D41)/$D$45,0)) | G41: =IF($B41="","",SUMIFS(NOVEDADES!$U$4:$U$1503,NOVEDADES!$Q$4:$Q$1503,$B41,NOVEDADES!$B$4:$B$1503,">="&$E$4,NOVEDADES!$B$4:$B$1503,"<="&$G$4)) | H41: =IF($B41="","",IFERROR(INDEX(CONFIG!$H$4:$H$63,MATCH($B41,CONFIG!$G$4:$G$63,0)),"")) | I41: =IF($B41="","",IFERROR(INDEX(CONFIG!$I$4:$I$63,MATCH($B41,CONFIG!$G$4:$G$63,0)),""))
B42: =IFERROR(INDEX(CONFIG!$G$4:$G$33,MATCH(LARGE(CONFIG!$V$4:$V$33,10),CONFIG!$V$4:$V$33,0)),"") | D42: =IF($B42="","",ROUNDDOWN(LARGE(CONFIG!$V$4:$V$33,10),0)) | E42: =IF($B42="","",IFERROR($D42/$D$45,0)) | F42: =IF($B42="","",IFERROR(SUM($D$33:$D42)/$D$45,0)) | G42: =IF($B42="","",SUMIFS(NOVEDADES!$U$4:$U$1503,NOVEDADES!$Q$4:$Q$1503,$B42,NOVEDADES!$B$4:$B$1503,">="&$E$4,NOVEDADES!$B$4:$B$1503,"<="&$G$4)) | H42: =IF($B42="","",IFERROR(INDEX(CONFIG!$H$4:$H$63,MATCH($B42,CONFIG!$G$4:$G$63,0)),"")) | I42: =IF($B42="","",IFERROR(INDEX(CONFIG!$I$4:$I$63,MATCH($B42,CONFIG!$G$4:$G$63,0)),""))
B43: =IFERROR(INDEX(CONFIG!$G$4:$G$33,MATCH(LARGE(CONFIG!$V$4:$V$33,11),CONFIG!$V$4:$V$33,0)),"") | D43: =IF($B43="","",ROUNDDOWN(LARGE(CONFIG!$V$4:$V$33,11),0)) | E43: =IF($B43="","",IFERROR($D43/$D$45,0)) | F43: =IF($B43="","",IFERROR(SUM($D$33:$D43)/$D$45,0)) | G43: =IF($B43="","",SUMIFS(NOVEDADES!$U$4:$U$1503,NOVEDADES!$Q$4:$Q$1503,$B43,NOVEDADES!$B$4:$B$1503,">="&$E$4,NOVEDADES!$B$4:$B$1503,"<="&$G$4)) | H43: =IF($B43="","",IFERROR(INDEX(CONFIG!$H$4:$H$63,MATCH($B43,CONFIG!$G$4:$G$63,0)),"")) | I43: =IF($B43="","",IFERROR(INDEX(CONFIG!$I$4:$I$63,MATCH($B43,CONFIG!$G$4:$G$63,0)),""))
B44: =IFERROR(INDEX(CONFIG!$G$4:$G$33,MATCH(LARGE(CONFIG!$V$4:$V$33,12),CONFIG!$V$4:$V$33,0)),"") | D44: =IF($B44="","",ROUNDDOWN(LARGE(CONFIG!$V$4:$V$33,12),0)) | E44: =IF($B44="","",IFERROR($D44/$D$45,0)) | F44: =IF($B44="","",IFERROR(SUM($D$33:$D44)/$D$45,0)) | G44: =IF($B44="","",SUMIFS(NOVEDADES!$U$4:$U$1503,NOVEDADES!$Q$4:$Q$1503,$B44,NOVEDADES!$B$4:$B$1503,">="&$E$4,NOVEDADES!$B$4:$B$1503,"<="&$G$4)) | H44: =IF($B44="","",IFERROR(INDEX(CONFIG!$H$4:$H$63,MATCH($B44,CONFIG!$G$4:$G$63,0)),"")) | I44: =IF($B44="","",IFERROR(INDEX(CONFIG!$I$4:$I$63,MATCH($B44,CONFIG!$G$4:$G$63,0)),""))
B45: ="TOTAL de novedades del periodo" | D45: =COUNTIFS(NOVEDADES!$B$4:$B$1503,">="&$E$4,NOVEDADES!$B$4:$B$1503,"<="&$G$4) | E45: =IF($D$45=0,0,1) | G45: =SUMIFS(NOVEDADES!$U$4:$U$1503,NOVEDADES!$B$4:$B$1503,">="&$E$4,NOVEDADES!$B$4:$B$1503,"<="&$G$4)
B47: 3 · NOVEDADES POR TIPO — qué está pasando
B48: Tipo de novedad | D48: Casos | E48: % del total | F48: Valor afectado | G48: Ámbito | H48: Gravedad | I48: Abiertas | J48: Vencidas | K48: Días prom.
B49: =IF(CONFIG!$A4="","",CONFIG!$A4) | D49: =IF($B49="","",COUNTIFS(NOVEDADES!$M$4:$M$1503,$B49,NOVEDADES!$B$4:$B$1503,">="&$E$4,NOVEDADES!$B$4:$B$1503,"<="&$G$4)) | E49: =IF($B49="","",IFERROR($D49/$D$81,0)) | F49: =IF($B49="","",SUMIFS(NOVEDADES!$U$4:$U$1503,NOVEDADES!$M$4:$M$1503,$B49,NOVEDADES!$B$4:$B$1503,">="&$E$4,NOVEDADES!$B$4:$B$1503,"<="&$G$4)) | G49: =IF($B49="","",IFERROR(INDEX(CONFIG!$B$4:$B$63,MATCH($B49,CONFIG!$A$4:$A$63,0)),"")) | H49: =IF($B49="","",IFERROR(INDEX(CONFIG!$C$4:$C$63,MATCH($B49,CONFIG!$A$4:$A$63,0)),"")) | I49: =IF($B49="","",COUNTIFS(NOVEDADES!$AA$4:$AA$1503,"En plazo",NOVEDADES!$B$4:$B$1503,">="&$E$4,NOVEDADES!$B$4:$B$1503,"<="&$G$4,NOVEDADES!$M$4:$M$1503,$B49)+COUNTIFS(NOVEDADES!$AA$4:$AA$1503,"Por vencer",NOVEDADES!$B$4:$B$1503,">="&$E$4,NOVEDADES!$B$4:$B$1503,"<="&$G$4,NOVEDADES!$M$4:$M$1503,$B49)+COUNTIFS(NOVEDADES!$AA$4:$AA$1503,"Vencida",NOVEDADES!$B$4:$B$1503,">="&$E$4,NOVEDADES!$B$4:$B$1503,"<="&$G$4,NOVEDADES!$M$4:$M$1503,$B49)+COUNTIFS(NOVEDADES!$AA$4:$AA$1503,"Sin clasificar",NOVEDADES!$B$4:$B$1503,">="&$E$4,NOVEDADES!$B$4:$B$1503,"<="&$G$4,NOVEDADES!$M$4:$M$1503,$B49)) | J49: =IF($B49="","",COUNTIFS(NOVEDADES!$M$4:$M$1503,$B49,NOVEDADES!$AA$4:$AA$1503,"Vencida",NOVEDADES!$B$4:$B$1503,">="&$E$4,NOVEDADES!$B$4:$B$1503,"<="&$G$4)) | K49: =IF($B49="","",IFERROR(ROUND(AVERAGEIFS(NOVEDADES!$Z$4:$Z$1503,NOVEDADES!$M$4:$M$1503,$B49,NOVEDADES!$B$4:$B$1503,">="&$E$4,NOVEDADES!$B$4:$B$1503,"<="&$G$4),1),0))
B50: =IF(CONFIG!$A5="","",CONFIG!$A5) | D50: =IF($B50="","",COUNTIFS(NOVEDADES!$M$4:$M$1503,$B50,NOVEDADES!$B$4:$B$1503,">="&$E$4,NOVEDADES!$B$4:$B$1503,"<="&$G$4)) | E50: =IF($B50="","",IFERROR($D50/$D$81,0)) | F50: =IF($B50="","",SUMIFS(NOVEDADES!$U$4:$U$1503,NOVEDADES!$M$4:$M$1503,$B50,NOVEDADES!$B$4:$B$1503,">="&$E$4,NOVEDADES!$B$4:$B$1503,"<="&$G$4)) | G50: =IF($B50="","",IFERROR(INDEX(CONFIG!$B$4:$B$63,MATCH($B50,CONFIG!$A$4:$A$63,0)),"")) | H50: =IF($B50="","",IFERROR(INDEX(CONFIG!$C$4:$C$63,MATCH($B50,CONFIG!$A$4:$A$63,0)),"")) | I50: =IF($B50="","",COUNTIFS(NOVEDADES!$AA$4:$AA$1503,"En plazo",NOVEDADES!$B$4:$B$1503,">="&$E$4,NOVEDADES!$B$4:$B$1503,"<="&$G$4,NOVEDADES!$M$4:$M$1503,$B50)+COUNTIFS(NOVEDADES!$AA$4:$AA$1503,"Por vencer",NOVEDADES!$B$4:$B$1503,">="&$E$4,NOVEDADES!$B$4:$B$1503,"<="&$G$4,NOVEDADES!$M$4:$M$1503,$B50)+COUNTIFS(NOVEDADES!$AA$4:$AA$1503,"Vencida",NOVEDADES!$B$4:$B$1503,">="&$E$4,NOVEDADES!$B$4:$B$1503,"<="&$G$4,NOVEDADES!$M$4:$M$1503,$B50)+COUNTIFS(NOVEDADES!$AA$4:$AA$1503,"Sin clasificar",NOVEDADES!$B$4:$B$1503,">="&$E$4,NOVEDADES!$B$4:$B$1503,"<="&$G$4,NOVEDADES!$M$4:$M$1503,$B50)) | J50: =IF($B50="","",COUNTIFS(NOVEDADES!$M$4:$M$1503,$B50,NOVEDADES!$AA$4:$AA$1503,"Vencida",NOVEDADES!$B$4:$B$1503,">="&$E$4,NOVEDADES!$B$4:$B$1503,"<="&$G$4)) | K50: =IF($B50="","",IFERROR(ROUND(AVERAGEIFS(NOVEDADES!$Z$4:$Z$1503,NOVEDADES!$M$4:$M$1503,$B50,NOVEDADES!$B$4:$B$1503,">="&$E$4,NOVEDADES!$B$4:$B$1503,"<="&$G$4),1),0))
B51: =IF(CONFIG!$A6="","",CONFIG!$A6) | D51: =IF($B51="","",COUNTIFS(NOVEDADES!$M$4:$M$1503,$B51,NOVEDADES!$B$4:$B$1503,">="&$E$4,NOVEDADES!$B$4:$B$1503,"<="&$G$4)) | E51: =IF($B51="","",IFERROR($D51/$D$81,0)) | F51: =IF($B51="","",SUMIFS(NOVEDADES!$U$4:$U$1503,NOVEDADES!$M$4:$M$1503,$B51,NOVEDADES!$B$4:$B$1503,">="&$E$4,NOVEDADES!$B$4:$B$1503,"<="&$G$4)) | G51: =IF($B51="","",IFERROR(INDEX(CONFIG!$B$4:$B$63,MATCH($B51,CONFIG!$A$4:$A$63,0)),"")) | H51: =IF($B51="","",IFERROR(INDEX(CONFIG!$C$4:$C$63,MATCH($B51,CONFIG!$A$4:$A$63,0)),"")) | I51: =IF($B51="","",COUNTIFS(NOVEDADES!$AA$4:$AA$1503,"En plazo",NOVEDADES!$B$4:$B$1503,">="&$E$4,NOVEDADES!$B$4:$B$1503,"<="&$G$4,NOVEDADES!$M$4:$M$1503,$B51)+COUNTIFS(NOVEDADES!$AA$4:$AA$1503,"Por vencer",NOVEDADES!$B$4:$B$1503,">="&$E$4,NOVEDADES!$B$4:$B$1503,"<="&$G$4,NOVEDADES!$M$4:$M$1503,$B51)+COUNTIFS(NOVEDADES!$AA$4:$AA$1503,"Vencida",NOVEDADES!$B$4:$B$1503,">="&$E$4,NOVEDADES!$B$4:$B$1503,"<="&$G$4,NOVEDADES!$M$4:$M$1503,$B51)+COUNTIFS(NOVEDADES!$AA$4:$AA$1503,"Sin clasificar",NOVEDADES!$B$4:$B$1503,">="&$E$4,NOVEDADES!$B$4:$B$1503,"<="&$G$4,NOVEDADES!$M$4:$M$1503,$B51)) | J51: =IF($B51="","",COUNTIFS(NOVEDADES!$M$4:$M$1503,$B51,NOVEDADES!$AA$4:$AA$1503,"Vencida",NOVEDADES!$B$4:$B$1503,">="&$E$4,NOVEDADES!$B$4:$B$1503,"<="&$G$4)) | K51: =IF($B51="","",IFERROR(ROUND(AVERAGEIFS(NOVEDADES!$Z$4:$Z$1503,NOVEDADES!$M$4:$M$1503,$B51,NOVEDADES!$B$4:$B$1503,">="&$E$4,NOVEDADES!$B$4:$B$1503,"<="&$G$4),1),0))
B52: =IF(CONFIG!$A7="","",CONFIG!$A7) | D52: =IF($B52="","",COUNTIFS(NOVEDADES!$M$4:$M$1503,$B52,NOVEDADES!$B$4:$B$1503,">="&$E$4,NOVEDADES!$B$4:$B$1503,"<="&$G$4)) | E52: =IF($B52="","",IFERROR($D52/$D$81,0)) | F52: =IF($B52="","",SUMIFS(NOVEDADES!$U$4:$U$1503,NOVEDADES!$M$4:$M$1503,$B52,NOVEDADES!$B$4:$B$1503,">="&$E$4,NOVEDADES!$B$4:$B$1503,"<="&$G$4)) | G52: =IF($B52="","",IFERROR(INDEX(CONFIG!$B$4:$B$63,MATCH($B52,CONFIG!$A$4:$A$63,0)),"")) | H52: =IF($B52="","",IFERROR(INDEX(CONFIG!$C$4:$C$63,MATCH($B52,CONFIG!$A$4:$A$63,0)),"")) | I52: =IF($B52="","",COUNTIFS(NOVEDADES!$AA$4:$AA$1503,"En plazo",NOVEDADES!$B$4:$B$1503,">="&$E$4,NOVEDADES!$B$4:$B$1503,"<="&$G$4,NOVEDADES!$M$4:$M$1503,$B52)+COUNTIFS(NOVEDADES!$AA$4:$AA$1503,"Por vencer",NOVEDADES!$B$4:$B$1503,">="&$E$4,NOVEDADES!$B$4:$B$1503,"<="&$G$4,NOVEDADES!$M$4:$M$1503,$B52)+COUNTIFS(NOVEDADES!$AA$4:$AA$1503,"Vencida",NOVEDADES!$B$4:$B$1503,">="&$E$4,NOVEDADES!$B$4:$B$1503,"<="&$G$4,NOVEDADES!$M$4:$M$1503,$B52)+COUNTIFS(NOVEDADES!$AA$4:$AA$1503,"Sin clasificar",NOVEDADES!$B$4:$B$1503,">="&$E$4,NOVEDADES!$B$4:$B$1503,"<="&$G$4,NOVEDADES!$M$4:$M$1503,$B52)) | J52: =IF($B52="","",COUNTIFS(NOVEDADES!$M$4:$M$1503,$B52,NOVEDADES!$AA$4:$AA$1503,"Vencida",NOVEDADES!$B$4:$B$1503,">="&$E$4,NOVEDADES!$B$4:$B$1503,"<="&$G$4)) | K52: =IF($B52="","",IFERROR(ROUND(AVERAGEIFS(NOVEDADES!$Z$4:$Z$1503,NOVEDADES!$M$4:$M$1503,$B52,NOVEDADES!$B$4:$B$1503,">="&$E$4,NOVEDADES!$B$4:$B$1503,"<="&$G$4),1),0))
B53: =IF(CONFIG!$A8="","",CONFIG!$A8) | D53: =IF($B53="","",COUNTIFS(NOVEDADES!$M$4:$M$1503,$B53,NOVEDADES!$B$4:$B$1503,">="&$E$4,NOVEDADES!$B$4:$B$1503,"<="&$G$4)) | E53: =IF($B53="","",IFERROR($D53/$D$81,0)) | F53: =IF($B53="","",SUMIFS(NOVEDADES!$U$4:$U$1503,NOVEDADES!$M$4:$M$1503,$B53,NOVEDADES!$B$4:$B$1503,">="&$E$4,NOVEDADES!$B$4:$B$1503,"<="&$G$4)) | G53: =IF($B53="","",IFERROR(INDEX(CONFIG!$B$4:$B$63,MATCH($B53,CONFIG!$A$4:$A$63,0)),"")) | H53: =IF($B53="","",IFERROR(INDEX(CONFIG!$C$4:$C$63,MATCH($B53,CONFIG!$A$4:$A$63,0)),"")) | I53: =IF($B53="","",COUNTIFS(NOVEDADES!$AA$4:$AA$1503,"En plazo",NOVEDADES!$B$4:$B$1503,">="&$E$4,NOVEDADES!$B$4:$B$1503,"<="&$G$4,NOVEDADES!$M$4:$M$1503,$B53)+COUNTIFS(NOVEDADES!$AA$4:$AA$1503,"Por vencer",NOVEDADES!$B$4:$B$1503,">="&$E$4,NOVEDADES!$B$4:$B$1503,"<="&$G$4,NOVEDADES!$M$4:$M$1503,$B53)+COUNTIFS(NOVEDADES!$AA$4:$AA$1503,"Vencida",NOVEDADES!$B$4:$B$1503,">="&$E$4,NOVEDADES!$B$4:$B$1503,"<="&$G$4,NOVEDADES!$M$4:$M$1503,$B53)+COUNTIFS(NOVEDADES!$AA$4:$AA$1503,"Sin clasificar",NOVEDADES!$B$4:$B$1503,">="&$E$4,NOVEDADES!$B$4:$B$1503,"<="&$G$4,NOVEDADES!$M$4:$M$1503,$B53)) | J53: =IF($B53="","",COUNTIFS(NOVEDADES!$M$4:$M$1503,$B53,NOVEDADES!$AA$4:$AA$1503,"Vencida",NOVEDADES!$B$4:$B$1503,">="&$E$4,NOVEDADES!$B$4:$B$1503,"<="&$G$4)) | K53: =IF($B53="","",IFERROR(ROUND(AVERAGEIFS(NOVEDADES!$Z$4:$Z$1503,NOVEDADES!$M$4:$M$1503,$B53,NOVEDADES!$B$4:$B$1503,">="&$E$4,NOVEDADES!$B$4:$B$1503,"<="&$G$4),1),0))
B54: =IF(CONFIG!$A9="","",CONFIG!$A9) | D54: =IF($B54="","",COUNTIFS(NOVEDADES!$M$4:$M$1503,$B54,NOVEDADES!$B$4:$B$1503,">="&$E$4,NOVEDADES!$B$4:$B$1503,"<="&$G$4)) | E54: =IF($B54="","",IFERROR($D54/$D$81,0)) | F54: =IF($B54="","",SUMIFS(NOVEDADES!$U$4:$U$1503,NOVEDADES!$M$4:$M$1503,$B54,NOVEDADES!$B$4:$B$1503,">="&$E$4,NOVEDADES!$B$4:$B$1503,"<="&$G$4)) | G54: =IF($B54="","",IFERROR(INDEX(CONFIG!$B$4:$B$63,MATCH($B54,CONFIG!$A$4:$A$63,0)),"")) | H54: =IF($B54="","",IFERROR(INDEX(CONFIG!$C$4:$C$63,MATCH($B54,CONFIG!$A$4:$A$63,0)),"")) | I54: =IF($B54="","",COUNTIFS(NOVEDADES!$AA$4:$AA$1503,"En plazo",NOVEDADES!$B$4:$B$1503,">="&$E$4,NOVEDADES!$B$4:$B$1503,"<="&$G$4,NOVEDADES!$M$4:$M$1503,$B54)+COUNTIFS(NOVEDADES!$AA$4:$AA$1503,"Por vencer",NOVEDADES!$B$4:$B$1503,">="&$E$4,NOVEDADES!$B$4:$B$1503,"<="&$G$4,NOVEDADES!$M$4:$M$1503,$B54)+COUNTIFS(NOVEDADES!$AA$4:$AA$1503,"Vencida",NOVEDADES!$B$4:$B$1503,">="&$E$4,NOVEDADES!$B$4:$B$1503,"<="&$G$4,NOVEDADES!$M$4:$M$1503,$B54)+COUNTIFS(NOVEDADES!$AA$4:$AA$1503,"Sin clasificar",NOVEDADES!$B$4:$B$1503,">="&$E$4,NOVEDADES!$B$4:$B$1503,"<="&$G$4,NOVEDADES!$M$4:$M$1503,$B54)) | J54: =IF($B54="","",COUNTIFS(NOVEDADES!$M$4:$M$1503,$B54,NOVEDADES!$AA$4:$AA$1503,"Vencida",NOVEDADES!$B$4:$B$1503,">="&$E$4,NOVEDADES!$B$4:$B$1503,"<="&$G$4)) | K54: =IF($B54="","",IFERROR(ROUND(AVERAGEIFS(NOVEDADES!$Z$4:$Z$1503,NOVEDADES!$M$4:$M$1503,$B54,NOVEDADES!$B$4:$B$1503,">="&$E$4,NOVEDADES!$B$4:$B$1503,"<="&$G$4),1),0))
B55: =IF(CONFIG!$A10="","",CONFIG!$A10) | D55: =IF($B55="","",COUNTIFS(NOVEDADES!$M$4:$M$1503,$B55,NOVEDADES!$B$4:$B$1503,">="&$E$4,NOVEDADES!$B$4:$B$1503,"<="&$G$4)) | E55: =IF($B55="","",IFERROR($D55/$D$81,0)) | F55: =IF($B55="","",SUMIFS(NOVEDADES!$U$4:$U$1503,NOVEDADES!$M$4:$M$1503,$B55,NOVEDADES!$B$4:$B$1503,">="&$E$4,NOVEDADES!$B$4:$B$1503,"<="&$G$4)) | G55: =IF($B55="","",IFERROR(INDEX(CONFIG!$B$4:$B$63,MATCH($B55,CONFIG!$A$4:$A$63,0)),"")) | H55: =IF($B55="","",IFERROR(INDEX(CONFIG!$C$4:$C$63,MATCH($B55,CONFIG!$A$4:$A$63,0)),"")) | I55: =IF($B55="","",COUNTIFS(NOVEDADES!$AA$4:$AA$1503,"En plazo",NOVEDADES!$B$4:$B$1503,">="&$E$4,NOVEDADES!$B$4:$B$1503,"<="&$G$4,NOVEDADES!$M$4:$M$1503,$B55)+COUNTIFS(NOVEDADES!$AA$4:$AA$1503,"Por vencer",NOVEDADES!$B$4:$B$1503,">="&$E$4,NOVEDADES!$B$4:$B$1503,"<="&$G$4,NOVEDADES!$M$4:$M$1503,$B55)+COUNTIFS(NOVEDADES!$AA$4:$AA$1503,"Vencida",NOVEDADES!$B$4:$B$1503,">="&$E$4,NOVEDADES!$B$4:$B$1503,"<="&$G$4,NOVEDADES!$M$4:$M$1503,$B55)+COUNTIFS(NOVEDADES!$AA$4:$AA$1503,"Sin clasificar",NOVEDADES!$B$4:$B$1503,">="&$E$4,NOVEDADES!$B$4:$B$1503,"<="&$G$4,NOVEDADES!$M$4:$M$1503,$B55)) | J55: =IF($B55="","",COUNTIFS(NOVEDADES!$M$4:$M$1503,$B55,NOVEDADES!$AA$4:$AA$1503,"Vencida",NOVEDADES!$B$4:$B$1503,">="&$E$4,NOVEDADES!$B$4:$B$1503,"<="&$G$4)) | K55: =IF($B55="","",IFERROR(ROUND(AVERAGEIFS(NOVEDADES!$Z$4:$Z$1503,NOVEDADES!$M$4:$M$1503,$B55,NOVEDADES!$B$4:$B$1503,">="&$E$4,NOVEDADES!$B$4:$B$1503,"<="&$G$4),1),0))
B56: =IF(CONFIG!$A11="","",CONFIG!$A11) | D56: =IF($B56="","",COUNTIFS(NOVEDADES!$M$4:$M$1503,$B56,NOVEDADES!$B$4:$B$1503,">="&$E$4,NOVEDADES!$B$4:$B$1503,"<="&$G$4)) | E56: =IF($B56="","",IFERROR($D56/$D$81,0)) | F56: =IF($B56="","",SUMIFS(NOVEDADES!$U$4:$U$1503,NOVEDADES!$M$4:$M$1503,$B56,NOVEDADES!$B$4:$B$1503,">="&$E$4,NOVEDADES!$B$4:$B$1503,"<="&$G$4)) | G56: =IF($B56="","",IFERROR(INDEX(CONFIG!$B$4:$B$63,MATCH($B56,CONFIG!$A$4:$A$63,0)),"")) | H56: =IF($B56="","",IFERROR(INDEX(CONFIG!$C$4:$C$63,MATCH($B56,CONFIG!$A$4:$A$63,0)),"")) | I56: =IF($B56="","",COUNTIFS(NOVEDADES!$AA$4:$AA$1503,"En plazo",NOVEDADES!$B$4:$B$1503,">="&$E$4,NOVEDADES!$B$4:$B$1503,"<="&$G$4,NOVEDADES!$M$4:$M$1503,$B56)+COUNTIFS(NOVEDADES!$AA$4:$AA$1503,"Por vencer",NOVEDADES!$B$4:$B$1503,">="&$E$4,NOVEDADES!$B$4:$B$1503,"<="&$G$4,NOVEDADES!$M$4:$M$1503,$B56)+COUNTIFS(NOVEDADES!$AA$4:$AA$1503,"Vencida",NOVEDADES!$B$4:$B$1503,">="&$E$4,NOVEDADES!$B$4:$B$1503,"<="&$G$4,NOVEDADES!$M$4:$M$1503,$B56)+COUNTIFS(NOVEDADES!$AA$4:$AA$1503,"Sin clasificar",NOVEDADES!$B$4:$B$1503,">="&$E$4,NOVEDADES!$B$4:$B$1503,"<="&$G$4,NOVEDADES!$M$4:$M$1503,$B56)) | J56: =IF($B56="","",COUNTIFS(NOVEDADES!$M$4:$M$1503,$B56,NOVEDADES!$AA$4:$AA$1503,"Vencida",NOVEDADES!$B$4:$B$1503,">="&$E$4,NOVEDADES!$B$4:$B$1503,"<="&$G$4)) | K56: =IF($B56="","",IFERROR(ROUND(AVERAGEIFS(NOVEDADES!$Z$4:$Z$1503,NOVEDADES!$M$4:$M$1503,$B56,NOVEDADES!$B$4:$B$1503,">="&$E$4,NOVEDADES!$B$4:$B$1503,"<="&$G$4),1),0))
B57: =IF(CONFIG!$A12="","",CONFIG!$A12) | D57: =IF($B57="","",COUNTIFS(NOVEDADES!$M$4:$M$1503,$B57,NOVEDADES!$B$4:$B$1503,">="&$E$4,NOVEDADES!$B$4:$B$1503,"<="&$G$4)) | E57: =IF($B57="","",IFERROR($D57/$D$81,0)) | F57: =IF($B57="","",SUMIFS(NOVEDADES!$U$4:$U$1503,NOVEDADES!$M$4:$M$1503,$B57,NOVEDADES!$B$4:$B$1503,">="&$E$4,NOVEDADES!$B$4:$B$1503,"<="&$G$4)) | G57: =IF($B57="","",IFERROR(INDEX(CONFIG!$B$4:$B$63,MATCH($B57,CONFIG!$A$4:$A$63,0)),"")) | H57: =IF($B57="","",IFERROR(INDEX(CONFIG!$C$4:$C$63,MATCH($B57,CONFIG!$A$4:$A$63,0)),"")) | I57: =IF($B57="","",COUNTIFS(NOVEDADES!$AA$4:$AA$1503,"En plazo",NOVEDADES!$B$4:$B$1503,">="&$E$4,NOVEDADES!$B$4:$B$1503,"<="&$G$4,NOVEDADES!$M$4:$M$1503,$B57)+COUNTIFS(NOVEDADES!$AA$4:$AA$1503,"Por vencer",NOVEDADES!$B$4:$B$1503,">="&$E$4,NOVEDADES!$B$4:$B$1503,"<="&$G$4,NOVEDADES!$M$4:$M$1503,$B57)+COUNTIFS(NOVEDADES!$AA$4:$AA$1503,"Vencida",NOVEDADES!$B$4:$B$1503,">="&$E$4,NOVEDADES!$B$4:$B$1503,"<="&$G$4,NOVEDADES!$M$4:$M$1503,$B57)+COUNTIFS(NOVEDADES!$AA$4:$AA$1503,"Sin clasificar",NOVEDADES!$B$4:$B$1503,">="&$E$4,NOVEDADES!$B$4:$B$1503,"<="&$G$4,NOVEDADES!$M$4:$M$1503,$B57)) | J57: =IF($B57="","",COUNTIFS(NOVEDADES!$M$4:$M$1503,$B57,NOVEDADES!$AA$4:$AA$1503,"Vencida",NOVEDADES!$B$4:$B$1503,">="&$E$4,NOVEDADES!$B$4:$B$1503,"<="&$G$4)) | K57: =IF($B57="","",IFERROR(ROUND(AVERAGEIFS(NOVEDADES!$Z$4:$Z$1503,NOVEDADES!$M$4:$M$1503,$B57,NOVEDADES!$B$4:$B$1503,">="&$E$4,NOVEDADES!$B$4:$B$1503,"<="&$G$4),1),0))
B58: =IF(CONFIG!$A13="","",CONFIG!$A13) | D58: =IF($B58="","",COUNTIFS(NOVEDADES!$M$4:$M$1503,$B58,NOVEDADES!$B$4:$B$1503,">="&$E$4,NOVEDADES!$B$4:$B$1503,"<="&$G$4)) | E58: =IF($B58="","",IFERROR($D58/$D$81,0)) | F58: =IF($B58="","",SUMIFS(NOVEDADES!$U$4:$U$1503,NOVEDADES!$M$4:$M$1503,$B58,NOVEDADES!$B$4:$B$1503,">="&$E$4,NOVEDADES!$B$4:$B$1503,"<="&$G$4)) | G58: =IF($B58="","",IFERROR(INDEX(CONFIG!$B$4:$B$63,MATCH($B58,CONFIG!$A$4:$A$63,0)),"")) | H58: =IF($B58="","",IFERROR(INDEX(CONFIG!$C$4:$C$63,MATCH($B58,CONFIG!$A$4:$A$63,0)),"")) | I58: =IF($B58="","",COUNTIFS(NOVEDADES!$AA$4:$AA$1503,"En plazo",NOVEDADES!$B$4:$B$1503,">="&$E$4,NOVEDADES!$B$4:$B$1503,"<="&$G$4,NOVEDADES!$M$4:$M$1503,$B58)+COUNTIFS(NOVEDADES!$AA$4:$AA$1503,"Por vencer",NOVEDADES!$B$4:$B$1503,">="&$E$4,NOVEDADES!$B$4:$B$1503,"<="&$G$4,NOVEDADES!$M$4:$M$1503,$B58)+COUNTIFS(NOVEDADES!$AA$4:$AA$1503,"Vencida",NOVEDADES!$B$4:$B$1503,">="&$E$4,NOVEDADES!$B$4:$B$1503,"<="&$G$4,NOVEDADES!$M$4:$M$1503,$B58)+COUNTIFS(NOVEDADES!$AA$4:$AA$1503,"Sin clasificar",NOVEDADES!$B$4:$B$1503,">="&$E$4,NOVEDADES!$B$4:$B$1503,"<="&$G$4,NOVEDADES!$M$4:$M$1503,$B58)) | J58: =IF($B58="","",COUNTIFS(NOVEDADES!$M$4:$M$1503,$B58,NOVEDADES!$AA$4:$AA$1503,"Vencida",NOVEDADES!$B$4:$B$1503,">="&$E$4,NOVEDADES!$B$4:$B$1503,"<="&$G$4)) | K58: =IF($B58="","",IFERROR(ROUND(AVERAGEIFS(NOVEDADES!$Z$4:$Z$1503,NOVEDADES!$M$4:$M$1503,$B58,NOVEDADES!$B$4:$B$1503,">="&$E$4,NOVEDADES!$B$4:$B$1503,"<="&$G$4),1),0))
B59: =IF(CONFIG!$A14="","",CONFIG!$A14) | D59: =IF($B59="","",COUNTIFS(NOVEDADES!$M$4:$M$1503,$B59,NOVEDADES!$B$4:$B$1503,">="&$E$4,NOVEDADES!$B$4:$B$1503,"<="&$G$4)) | E59: =IF($B59="","",IFERROR($D59/$D$81,0)) | F59: =IF($B59="","",SUMIFS(NOVEDADES!$U$4:$U$1503,NOVEDADES!$M$4:$M$1503,$B59,NOVEDADES!$B$4:$B$1503,">="&$E$4,NOVEDADES!$B$4:$B$1503,"<="&$G$4)) | G59: =IF($B59="","",IFERROR(INDEX(CONFIG!$B$4:$B$63,MATCH($B59,CONFIG!$A$4:$A$63,0)),"")) | H59: =IF($B59="","",IFERROR(INDEX(CONFIG!$C$4:$C$63,MATCH($B59,CONFIG!$A$4:$A$63,0)),"")) | I59: =IF($B59="","",COUNTIFS(NOVEDADES!$AA$4:$AA$1503,"En plazo",NOVEDADES!$B$4:$B$1503,">="&$E$4,NOVEDADES!$B$4:$B$1503,"<="&$G$4,NOVEDADES!$M$4:$M$1503,$B59)+COUNTIFS(NOVEDADES!$AA$4:$AA$1503,"Por vencer",NOVEDADES!$B$4:$B$1503,">="&$E$4,NOVEDADES!$B$4:$B$1503,"<="&$G$4,NOVEDADES!$M$4:$M$1503,$B59)+COUNTIFS(NOVEDADES!$AA$4:$AA$1503,"Vencida",NOVEDADES!$B$4:$B$1503,">="&$E$4,NOVEDADES!$B$4:$B$1503,"<="&$G$4,NOVEDADES!$M$4:$M$1503,$B59)+COUNTIFS(NOVEDADES!$AA$4:$AA$1503,"Sin clasificar",NOVEDADES!$B$4:$B$1503,">="&$E$4,NOVEDADES!$B$4:$B$1503,"<="&$G$4,NOVEDADES!$M$4:$M$1503,$B59)) | J59: =IF($B59="","",COUNTIFS(NOVEDADES!$M$4:$M$1503,$B59,NOVEDADES!$AA$4:$AA$1503,"Vencida",NOVEDADES!$B$4:$B$1503,">="&$E$4,NOVEDADES!$B$4:$B$1503,"<="&$G$4)) | K59: =IF($B59="","",IFERROR(ROUND(AVERAGEIFS(NOVEDADES!$Z$4:$Z$1503,NOVEDADES!$M$4:$M$1503,$B59,NOVEDADES!$B$4:$B$1503,">="&$E$4,NOVEDADES!$B$4:$B$1503,"<="&$G$4),1),0))
B60: =IF(CONFIG!$A15="","",CONFIG!$A15) | D60: =IF($B60="","",COUNTIFS(NOVEDADES!$M$4:$M$1503,$B60,NOVEDADES!$B$4:$B$1503,">="&$E$4,NOVEDADES!$B$4:$B$1503,"<="&$G$4)) | E60: =IF($B60="","",IFERROR($D60/$D$81,0)) | F60: =IF($B60="","",SUMIFS(NOVEDADES!$U$4:$U$1503,NOVEDADES!$M$4:$M$1503,$B60,NOVEDADES!$B$4:$B$1503,">="&$E$4,NOVEDADES!$B$4:$B$1503,"<="&$G$4)) | G60: =IF($B60="","",IFERROR(INDEX(CONFIG!$B$4:$B$63,MATCH($B60,CONFIG!$A$4:$A$63,0)),"")) | H60: =IF($B60="","",IFERROR(INDEX(CONFIG!$C$4:$C$63,MATCH($B60,CONFIG!$A$4:$A$63,0)),"")) | I60: =IF($B60="","",COUNTIFS(NOVEDADES!$AA$4:$AA$1503,"En plazo",NOVEDADES!$B$4:$B$1503,">="&$E$4,NOVEDADES!$B$4:$B$1503,"<="&$G$4,NOVEDADES!$M$4:$M$1503,$B60)+COUNTIFS(NOVEDADES!$AA$4:$AA$1503,"Por vencer",NOVEDADES!$B$4:$B$1503,">="&$E$4,NOVEDADES!$B$4:$B$1503,"<="&$G$4,NOVEDADES!$M$4:$M$1503,$B60)+COUNTIFS(NOVEDADES!$AA$4:$AA$1503,"Vencida",NOVEDADES!$B$4:$B$1503,">="&$E$4,NOVEDADES!$B$4:$B$1503,"<="&$G$4,NOVEDADES!$M$4:$M$1503,$B60)+COUNTIFS(NOVEDADES!$AA$4:$AA$1503,"Sin clasificar",NOVEDADES!$B$4:$B$1503,">="&$E$4,NOVEDADES!$B$4:$B$1503,"<="&$G$4,NOVEDADES!$M$4:$M$1503,$B60)) | J60: =IF($B60="","",COUNTIFS(NOVEDADES!$M$4:$M$1503,$B60,NOVEDADES!$AA$4:$AA$1503,"Vencida",NOVEDADES!$B$4:$B$1503,">="&$E$4,NOVEDADES!$B$4:$B$1503,"<="&$G$4)) | K60: =IF($B60="","",IFERROR(ROUND(AVERAGEIFS(NOVEDADES!$Z$4:$Z$1503,NOVEDADES!$M$4:$M$1503,$B60,NOVEDADES!$B$4:$B$1503,">="&$E$4,NOVEDADES!$B$4:$B$1503,"<="&$G$4),1),0))
... B80: =IF(CONFIG!$A35="","",CONFIG!$A35) | D80: =IF($B80="","",COUNTIFS(NOVEDADES!$M$4:$M$1503,$B80,NOVEDADES!$B$4:$B$1503,">="&$E$4,NOVEDADES!$B$4:$B$1503,"<="&$G$4)) | E80: =IF($B80="","",IFERROR($D80/$D$81,0)) | F80: =IF($B80="","",SUMIFS(NOVEDADES!$U$4:$U$1503,NOVEDADES!$M$4:$M$1503,$B80,NOVEDADES!$B$4:$B$1503,">="&$E$4,NOVEDADES!$B$4:$B$1503,"<="&$G$4)) | G80: =IF($B80="","",IFERROR(INDEX(CONFIG!$B$4:$B$63,MATCH($B80,CONFIG!$A$4:$A$63,0)),"")) | H80: =IF($B80="","",IFERROR(INDEX(CONFIG!$C$4:$C$63,MATCH($B80,CONFIG!$A$4:$A$63,0)),"")) | I80: =IF($B80="","",COUNTIFS(NOVEDADES!$AA$4:$AA$1503,"En plazo",NOVEDADES!$B$4:$B$1503,">="&$E$4,NOVEDADES!$B$4:$B$1503,"<="&$G$4,NOVEDADES!$M$4:$M$1503,$B80)+COUNTIFS(NOVEDADES!$AA$4:$AA$1503,"Por vencer",NOVEDADES!$B$4:$B$1503,">="&$E$4,NOVEDADES!$B$4:$B$1503,"<="&$G$4,NOVEDADES!$M$4:$M$1503,$B80)+COUNTIFS(NOVEDADES!$AA$4:$AA$1503,"Vencida",NOVEDADES!$B$4:$B$1503,">="&$E$4,NOVEDADES!$B$4:$B$1503,"<="&$G$4,NOVEDADES!$M$4:$M$1503,$B80)+COUNTIFS(NOVEDADES!$AA$4:$AA$1503,"Sin clasificar",NOVEDADES!$B$4:$B$1503,">="&$E$4,NOVEDADES!$B$4:$B$1503,"<="&$G$4,NOVEDADES!$M$4:$M$1503,$B80)) | J80: =IF($B80="","",COUNTIFS(NOVEDADES!$M$4:$M$1503,$B80,NOVEDADES!$AA$4:$AA$1503,"Vencida",NOVEDADES!$B$4:$B$1503,">="&$E$4,NOVEDADES!$B$4:$B$1503,"<="&$G$4)) | K80: =IF($B80="","",IFERROR(ROUND(AVERAGEIFS(NOVEDADES!$Z$4:$Z$1503,NOVEDADES!$M$4:$M$1503,$B80,NOVEDADES!$B$4:$B$1503,">="&$E$4,NOVEDADES!$B$4:$B$1503,"<="&$G$4),1),0))
B81: ="TOTAL" | D81: =SUM($D$49:$D$80) | E81: =IF($D$81=0,0,1) | F81: =SUM($F$49:$F$80) | I81: =SUM($I$49:$I$80) | J81: =SUM($J$49:$J$80) | K81: =IFERROR(ROUND(AVERAGEIFS(NOVEDADES!$Z$4:$Z$1503,NOVEDADES!$B$4:$B$1503,">="&$E$4,NOVEDADES!$B$4:$B$1503,"<="&$G$4),1),0)
B83: 4 · PUNTO DE OCURRENCIA — en qué parte de la operación se rompe
B84: Aquí se ve si el problema nace en la carretera o adentro: bodega, alistamiento, cargue, facturación. Es el mapa de la casa propia.
B85: Punto de ocurrencia | D85: Casos | E85: % del total | F85: Valor afectado | G85: Abiertas | H85: Vencidas | I85: Días prom.
B86: =IF(CONFIG!$N4="","",CONFIG!$N4) | D86: =IF($B86="","",COUNTIFS(NOVEDADES!$P$4:$P$1503,$B86,NOVEDADES!$B$4:$B$1503,">="&$E$4,NOVEDADES!$B$4:$B$1503,"<="&$G$4)) | E86: =IF($B86="","",IFERROR($D86/$D$98,0)) | F86: =IF($B86="","",SUMIFS(NOVEDADES!$U$4:$U$1503,NOVEDADES!$P$4:$P$1503,$B86,NOVEDADES!$B$4:$B$1503,">="&$E$4,NOVEDADES!$B$4:$B$1503,"<="&$G$4)) | G86: =IF($B86="","",COUNTIFS(NOVEDADES!$AA$4:$AA$1503,"En plazo",NOVEDADES!$B$4:$B$1503,">="&$E$4,NOVEDADES!$B$4:$B$1503,"<="&$G$4,NOVEDADES!$P$4:$P$1503,$B86)+COUNTIFS(NOVEDADES!$AA$4:$AA$1503,"Por vencer",NOVEDADES!$B$4:$B$1503,">="&$E$4,NOVEDADES!$B$4:$B$1503,"<="&$G$4,NOVEDADES!$P$4:$P$1503,$B86)+COUNTIFS(NOVEDADES!$AA$4:$AA$1503,"Vencida",NOVEDADES!$B$4:$B$1503,">="&$E$4,NOVEDADES!$B$4:$B$1503,"<="&$G$4,NOVEDADES!$P$4:$P$1503,$B86)+COUNTIFS(NOVEDADES!$AA$4:$AA$1503,"Sin clasificar",NOVEDADES!$B$4:$B$1503,">="&$E$4,NOVEDADES!$B$4:$B$1503,"<="&$G$4,NOVEDADES!$P$4:$P$1503,$B86)) | H86: =IF($B86="","",COUNTIFS(NOVEDADES!$P$4:$P$1503,$B86,NOVEDADES!$AA$4:$AA$1503,"Vencida",NOVEDADES!$B$4:$B$1503,">="&$E$4,NOVEDADES!$B$4:$B$1503,"<="&$G$4)) | I86: =IF($B86="","",IFERROR(ROUND(AVERAGEIFS(NOVEDADES!$Z$4:$Z$1503,NOVEDADES!$P$4:$P$1503,$B86,NOVEDADES!$B$4:$B$1503,">="&$E$4,NOVEDADES!$B$4:$B$1503,"<="&$G$4),1),0))
B87: =IF(CONFIG!$N5="","",CONFIG!$N5) | D87: =IF($B87="","",COUNTIFS(NOVEDADES!$P$4:$P$1503,$B87,NOVEDADES!$B$4:$B$1503,">="&$E$4,NOVEDADES!$B$4:$B$1503,"<="&$G$4)) | E87: =IF($B87="","",IFERROR($D87/$D$98,0)) | F87: =IF($B87="","",SUMIFS(NOVEDADES!$U$4:$U$1503,NOVEDADES!$P$4:$P$1503,$B87,NOVEDADES!$B$4:$B$1503,">="&$E$4,NOVEDADES!$B$4:$B$1503,"<="&$G$4)) | G87: =IF($B87="","",COUNTIFS(NOVEDADES!$AA$4:$AA$1503,"En plazo",NOVEDADES!$B$4:$B$1503,">="&$E$4,NOVEDADES!$B$4:$B$1503,"<="&$G$4,NOVEDADES!$P$4:$P$1503,$B87)+COUNTIFS(NOVEDADES!$AA$4:$AA$1503,"Por vencer",NOVEDADES!$B$4:$B$1503,">="&$E$4,NOVEDADES!$B$4:$B$1503,"<="&$G$4,NOVEDADES!$P$4:$P$1503,$B87)+COUNTIFS(NOVEDADES!$AA$4:$AA$1503,"Vencida",NOVEDADES!$B$4:$B$1503,">="&$E$4,NOVEDADES!$B$4:$B$1503,"<="&$G$4,NOVEDADES!$P$4:$P$1503,$B87)+COUNTIFS(NOVEDADES!$AA$4:$AA$1503,"Sin clasificar",NOVEDADES!$B$4:$B$1503,">="&$E$4,NOVEDADES!$B$4:$B$1503,"<="&$G$4,NOVEDADES!$P$4:$P$1503,$B87)) | H87: =IF($B87="","",COUNTIFS(NOVEDADES!$P$4:$P$1503,$B87,NOVEDADES!$AA$4:$AA$1503,"Vencida",NOVEDADES!$B$4:$B$1503,">="&$E$4,NOVEDADES!$B$4:$B$1503,"<="&$G$4)) | I87: =IF($B87="","",IFERROR(ROUND(AVERAGEIFS(NOVEDADES!$Z$4:$Z$1503,NOVEDADES!$P$4:$P$1503,$B87,NOVEDADES!$B$4:$B$1503,">="&$E$4,NOVEDADES!$B$4:$B$1503,"<="&$G$4),1),0))
B88: =IF(CONFIG!$N6="","",CONFIG!$N6) | D88: =IF($B88="","",COUNTIFS(NOVEDADES!$P$4:$P$1503,$B88,NOVEDADES!$B$4:$B$1503,">="&$E$4,NOVEDADES!$B$4:$B$1503,"<="&$G$4)) | E88: =IF($B88="","",IFERROR($D88/$D$98,0)) | F88: =IF($B88="","",SUMIFS(NOVEDADES!$U$4:$U$1503,NOVEDADES!$P$4:$P$1503,$B88,NOVEDADES!$B$4:$B$1503,">="&$E$4,NOVEDADES!$B$4:$B$1503,"<="&$G$4)) | G88: =IF($B88="","",COUNTIFS(NOVEDADES!$AA$4:$AA$1503,"En plazo",NOVEDADES!$B$4:$B$1503,">="&$E$4,NOVEDADES!$B$4:$B$1503,"<="&$G$4,NOVEDADES!$P$4:$P$1503,$B88)+COUNTIFS(NOVEDADES!$AA$4:$AA$1503,"Por vencer",NOVEDADES!$B$4:$B$1503,">="&$E$4,NOVEDADES!$B$4:$B$1503,"<="&$G$4,NOVEDADES!$P$4:$P$1503,$B88)+COUNTIFS(NOVEDADES!$AA$4:$AA$1503,"Vencida",NOVEDADES!$B$4:$B$1503,">="&$E$4,NOVEDADES!$B$4:$B$1503,"<="&$G$4,NOVEDADES!$P$4:$P$1503,$B88)+COUNTIFS(NOVEDADES!$AA$4:$AA$1503,"Sin clasificar",NOVEDADES!$B$4:$B$1503,">="&$E$4,NOVEDADES!$B$4:$B$1503,"<="&$G$4,NOVEDADES!$P$4:$P$1503,$B88)) | H88: =IF($B88="","",COUNTIFS(NOVEDADES!$P$4:$P$1503,$B88,NOVEDADES!$AA$4:$AA$1503,"Vencida",NOVEDADES!$B$4:$B$1503,">="&$E$4,NOVEDADES!$B$4:$B$1503,"<="&$G$4)) | I88: =IF($B88="","",IFERROR(ROUND(AVERAGEIFS(NOVEDADES!$Z$4:$Z$1503,NOVEDADES!$P$4:$P$1503,$B88,NOVEDADES!$B$4:$B$1503,">="&$E$4,NOVEDADES!$B$4:$B$1503,"<="&$G$4),1),0))
B89: =IF(CONFIG!$N7="","",CONFIG!$N7) | D89: =IF($B89="","",COUNTIFS(NOVEDADES!$P$4:$P$1503,$B89,NOVEDADES!$B$4:$B$1503,">="&$E$4,NOVEDADES!$B$4:$B$1503,"<="&$G$4)) | E89: =IF($B89="","",IFERROR($D89/$D$98,0)) | F89: =IF($B89="","",SUMIFS(NOVEDADES!$U$4:$U$1503,NOVEDADES!$P$4:$P$1503,$B89,NOVEDADES!$B$4:$B$1503,">="&$E$4,NOVEDADES!$B$4:$B$1503,"<="&$G$4)) | G89: =IF($B89="","",COUNTIFS(NOVEDADES!$AA$4:$AA$1503,"En plazo",NOVEDADES!$B$4:$B$1503,">="&$E$4,NOVEDADES!$B$4:$B$1503,"<="&$G$4,NOVEDADES!$P$4:$P$1503,$B89)+COUNTIFS(NOVEDADES!$AA$4:$AA$1503,"Por vencer",NOVEDADES!$B$4:$B$1503,">="&$E$4,NOVEDADES!$B$4:$B$1503,"<="&$G$4,NOVEDADES!$P$4:$P$1503,$B89)+COUNTIFS(NOVEDADES!$AA$4:$AA$1503,"Vencida",NOVEDADES!$B$4:$B$1503,">="&$E$4,NOVEDADES!$B$4:$B$1503,"<="&$G$4,NOVEDADES!$P$4:$P$1503,$B89)+COUNTIFS(NOVEDADES!$AA$4:$AA$1503,"Sin clasificar",NOVEDADES!$B$4:$B$1503,">="&$E$4,NOVEDADES!$B$4:$B$1503,"<="&$G$4,NOVEDADES!$P$4:$P$1503,$B89)) | H89: =IF($B89="","",COUNTIFS(NOVEDADES!$P$4:$P$1503,$B89,NOVEDADES!$AA$4:$AA$1503,"Vencida",NOVEDADES!$B$4:$B$1503,">="&$E$4,NOVEDADES!$B$4:$B$1503,"<="&$G$4)) | I89: =IF($B89="","",IFERROR(ROUND(AVERAGEIFS(NOVEDADES!$Z$4:$Z$1503,NOVEDADES!$P$4:$P$1503,$B89,NOVEDADES!$B$4:$B$1503,">="&$E$4,NOVEDADES!$B$4:$B$1503,"<="&$G$4),1),0))
B90: =IF(CONFIG!$N8="","",CONFIG!$N8) | D90: =IF($B90="","",COUNTIFS(NOVEDADES!$P$4:$P$1503,$B90,NOVEDADES!$B$4:$B$1503,">="&$E$4,NOVEDADES!$B$4:$B$1503,"<="&$G$4)) | E90: =IF($B90="","",IFERROR($D90/$D$98,0)) | F90: =IF($B90="","",SUMIFS(NOVEDADES!$U$4:$U$1503,NOVEDADES!$P$4:$P$1503,$B90,NOVEDADES!$B$4:$B$1503,">="&$E$4,NOVEDADES!$B$4:$B$1503,"<="&$G$4)) | G90: =IF($B90="","",COUNTIFS(NOVEDADES!$AA$4:$AA$1503,"En plazo",NOVEDADES!$B$4:$B$1503,">="&$E$4,NOVEDADES!$B$4:$B$1503,"<="&$G$4,NOVEDADES!$P$4:$P$1503,$B90)+COUNTIFS(NOVEDADES!$AA$4:$AA$1503,"Por vencer",NOVEDADES!$B$4:$B$1503,">="&$E$4,NOVEDADES!$B$4:$B$1503,"<="&$G$4,NOVEDADES!$P$4:$P$1503,$B90)+COUNTIFS(NOVEDADES!$AA$4:$AA$1503,"Vencida",NOVEDADES!$B$4:$B$1503,">="&$E$4,NOVEDADES!$B$4:$B$1503,"<="&$G$4,NOVEDADES!$P$4:$P$1503,$B90)+COUNTIFS(NOVEDADES!$AA$4:$AA$1503,"Sin clasificar",NOVEDADES!$B$4:$B$1503,">="&$E$4,NOVEDADES!$B$4:$B$1503,"<="&$G$4,NOVEDADES!$P$4:$P$1503,$B90)) | H90: =IF($B90="","",COUNTIFS(NOVEDADES!$P$4:$P$1503,$B90,NOVEDADES!$AA$4:$AA$1503,"Vencida",NOVEDADES!$B$4:$B$1503,">="&$E$4,NOVEDADES!$B$4:$B$1503,"<="&$G$4)) | I90: =IF($B90="","",IFERROR(ROUND(AVERAGEIFS(NOVEDADES!$Z$4:$Z$1503,NOVEDADES!$P$4:$P$1503,$B90,NOVEDADES!$B$4:$B$1503,">="&$E$4,NOVEDADES!$B$4:$B$1503,"<="&$G$4),1),0))
B91: =IF(CONFIG!$N9="","",CONFIG!$N9) | D91: =IF($B91="","",COUNTIFS(NOVEDADES!$P$4:$P$1503,$B91,NOVEDADES!$B$4:$B$1503,">="&$E$4,NOVEDADES!$B$4:$B$1503,"<="&$G$4)) | E91: =IF($B91="","",IFERROR($D91/$D$98,0)) | F91: =IF($B91="","",SUMIFS(NOVEDADES!$U$4:$U$1503,NOVEDADES!$P$4:$P$1503,$B91,NOVEDADES!$B$4:$B$1503,">="&$E$4,NOVEDADES!$B$4:$B$1503,"<="&$G$4)) | G91: =IF($B91="","",COUNTIFS(NOVEDADES!$AA$4:$AA$1503,"En plazo",NOVEDADES!$B$4:$B$1503,">="&$E$4,NOVEDADES!$B$4:$B$1503,"<="&$G$4,NOVEDADES!$P$4:$P$1503,$B91)+COUNTIFS(NOVEDADES!$AA$4:$AA$1503,"Por vencer",NOVEDADES!$B$4:$B$1503,">="&$E$4,NOVEDADES!$B$4:$B$1503,"<="&$G$4,NOVEDADES!$P$4:$P$1503,$B91)+COUNTIFS(NOVEDADES!$AA$4:$AA$1503,"Vencida",NOVEDADES!$B$4:$B$1503,">="&$E$4,NOVEDADES!$B$4:$B$1503,"<="&$G$4,NOVEDADES!$P$4:$P$1503,$B91)+COUNTIFS(NOVEDADES!$AA$4:$AA$1503,"Sin clasificar",NOVEDADES!$B$4:$B$1503,">="&$E$4,NOVEDADES!$B$4:$B$1503,"<="&$G$4,NOVEDADES!$P$4:$P$1503,$B91)) | H91: =IF($B91="","",COUNTIFS(NOVEDADES!$P$4:$P$1503,$B91,NOVEDADES!$AA$4:$AA$1503,"Vencida",NOVEDADES!$B$4:$B$1503,">="&$E$4,NOVEDADES!$B$4:$B$1503,"<="&$G$4)) | I91: =IF($B91="","",IFERROR(ROUND(AVERAGEIFS(NOVEDADES!$Z$4:$Z$1503,NOVEDADES!$P$4:$P$1503,$B91,NOVEDADES!$B$4:$B$1503,">="&$E$4,NOVEDADES!$B$4:$B$1503,"<="&$G$4),1),0))
B92: =IF(CONFIG!$N10="","",CONFIG!$N10) | D92: =IF($B92="","",COUNTIFS(NOVEDADES!$P$4:$P$1503,$B92,NOVEDADES!$B$4:$B$1503,">="&$E$4,NOVEDADES!$B$4:$B$1503,"<="&$G$4)) | E92: =IF($B92="","",IFERROR($D92/$D$98,0)) | F92: =IF($B92="","",SUMIFS(NOVEDADES!$U$4:$U$1503,NOVEDADES!$P$4:$P$1503,$B92,NOVEDADES!$B$4:$B$1503,">="&$E$4,NOVEDADES!$B$4:$B$1503,"<="&$G$4)) | G92: =IF($B92="","",COUNTIFS(NOVEDADES!$AA$4:$AA$1503,"En plazo",NOVEDADES!$B$4:$B$1503,">="&$E$4,NOVEDADES!$B$4:$B$1503,"<="&$G$4,NOVEDADES!$P$4:$P$1503,$B92)+COUNTIFS(NOVEDADES!$AA$4:$AA$1503,"Por vencer",NOVEDADES!$B$4:$B$1503,">="&$E$4,NOVEDADES!$B$4:$B$1503,"<="&$G$4,NOVEDADES!$P$4:$P$1503,$B92)+COUNTIFS(NOVEDADES!$AA$4:$AA$1503,"Vencida",NOVEDADES!$B$4:$B$1503,">="&$E$4,NOVEDADES!$B$4:$B$1503,"<="&$G$4,NOVEDADES!$P$4:$P$1503,$B92)+COUNTIFS(NOVEDADES!$AA$4:$AA$1503,"Sin clasificar",NOVEDADES!$B$4:$B$1503,">="&$E$4,NOVEDADES!$B$4:$B$1503,"<="&$G$4,NOVEDADES!$P$4:$P$1503,$B92)) | H92: =IF($B92="","",COUNTIFS(NOVEDADES!$P$4:$P$1503,$B92,NOVEDADES!$AA$4:$AA$1503,"Vencida",NOVEDADES!$B$4:$B$1503,">="&$E$4,NOVEDADES!$B$4:$B$1503,"<="&$G$4)) | I92: =IF($B92="","",IFERROR(ROUND(AVERAGEIFS(NOVEDADES!$Z$4:$Z$1503,NOVEDADES!$P$4:$P$1503,$B92,NOVEDADES!$B$4:$B$1503,">="&$E$4,NOVEDADES!$B$4:$B$1503,"<="&$G$4),1),0))
B93: =IF(CONFIG!$N11="","",CONFIG!$N11) | D93: =IF($B93="","",COUNTIFS(NOVEDADES!$P$4:$P$1503,$B93,NOVEDADES!$B$4:$B$1503,">="&$E$4,NOVEDADES!$B$4:$B$1503,"<="&$G$4)) | E93: =IF($B93="","",IFERROR($D93/$D$98,0)) | F93: =IF($B93="","",SUMIFS(NOVEDADES!$U$4:$U$1503,NOVEDADES!$P$4:$P$1503,$B93,NOVEDADES!$B$4:$B$1503,">="&$E$4,NOVEDADES!$B$4:$B$1503,"<="&$G$4)) | G93: =IF($B93="","",COUNTIFS(NOVEDADES!$AA$4:$AA$1503,"En plazo",NOVEDADES!$B$4:$B$1503,">="&$E$4,NOVEDADES!$B$4:$B$1503,"<="&$G$4,NOVEDADES!$P$4:$P$1503,$B93)+COUNTIFS(NOVEDADES!$AA$4:$AA$1503,"Por vencer",NOVEDADES!$B$4:$B$1503,">="&$E$4,NOVEDADES!$B$4:$B$1503,"<="&$G$4,NOVEDADES!$P$4:$P$1503,$B93)+COUNTIFS(NOVEDADES!$AA$4:$AA$1503,"Vencida",NOVEDADES!$B$4:$B$1503,">="&$E$4,NOVEDADES!$B$4:$B$1503,"<="&$G$4,NOVEDADES!$P$4:$P$1503,$B93)+COUNTIFS(NOVEDADES!$AA$4:$AA$1503,"Sin clasificar",NOVEDADES!$B$4:$B$1503,">="&$E$4,NOVEDADES!$B$4:$B$1503,"<="&$G$4,NOVEDADES!$P$4:$P$1503,$B93)) | H93: =IF($B93="","",COUNTIFS(NOVEDADES!$P$4:$P$1503,$B93,NOVEDADES!$AA$4:$AA$1503,"Vencida",NOVEDADES!$B$4:$B$1503,">="&$E$4,NOVEDADES!$B$4:$B$1503,"<="&$G$4)) | I93: =IF($B93="","",IFERROR(ROUND(AVERAGEIFS(NOVEDADES!$Z$4:$Z$1503,NOVEDADES!$P$4:$P$1503,$B93,NOVEDADES!$B$4:$B$1503,">="&$E$4,NOVEDADES!$B$4:$B$1503,"<="&$G$4),1),0))
B94: =IF(CONFIG!$N12="","",CONFIG!$N12) | D94: =IF($B94="","",COUNTIFS(NOVEDADES!$P$4:$P$1503,$B94,NOVEDADES!$B$4:$B$1503,">="&$E$4,NOVEDADES!$B$4:$B$1503,"<="&$G$4)) | E94: =IF($B94="","",IFERROR($D94/$D$98,0)) | F94: =IF($B94="","",SUMIFS(NOVEDADES!$U$4:$U$1503,NOVEDADES!$P$4:$P$1503,$B94,NOVEDADES!$B$4:$B$1503,">="&$E$4,NOVEDADES!$B$4:$B$1503,"<="&$G$4)) | G94: =IF($B94="","",COUNTIFS(NOVEDADES!$AA$4:$AA$1503,"En plazo",NOVEDADES!$B$4:$B$1503,">="&$E$4,NOVEDADES!$B$4:$B$1503,"<="&$G$4,NOVEDADES!$P$4:$P$1503,$B94)+COUNTIFS(NOVEDADES!$AA$4:$AA$1503,"Por vencer",NOVEDADES!$B$4:$B$1503,">="&$E$4,NOVEDADES!$B$4:$B$1503,"<="&$G$4,NOVEDADES!$P$4:$P$1503,$B94)+COUNTIFS(NOVEDADES!$AA$4:$AA$1503,"Vencida",NOVEDADES!$B$4:$B$1503,">="&$E$4,NOVEDADES!$B$4:$B$1503,"<="&$G$4,NOVEDADES!$P$4:$P$1503,$B94)+COUNTIFS(NOVEDADES!$AA$4:$AA$1503,"Sin clasificar",NOVEDADES!$B$4:$B$1503,">="&$E$4,NOVEDADES!$B$4:$B$1503,"<="&$G$4,NOVEDADES!$P$4:$P$1503,$B94)) | H94: =IF($B94="","",COUNTIFS(NOVEDADES!$P$4:$P$1503,$B94,NOVEDADES!$AA$4:$AA$1503,"Vencida",NOVEDADES!$B$4:$B$1503,">="&$E$4,NOVEDADES!$B$4:$B$1503,"<="&$G$4)) | I94: =IF($B94="","",IFERROR(ROUND(AVERAGEIFS(NOVEDADES!$Z$4:$Z$1503,NOVEDADES!$P$4:$P$1503,$B94,NOVEDADES!$B$4:$B$1503,">="&$E$4,NOVEDADES!$B$4:$B$1503,"<="&$G$4),1),0))
B95: =IF(CONFIG!$N13="","",CONFIG!$N13) | D95: =IF($B95="","",COUNTIFS(NOVEDADES!$P$4:$P$1503,$B95,NOVEDADES!$B$4:$B$1503,">="&$E$4,NOVEDADES!$B$4:$B$1503,"<="&$G$4)) | E95: =IF($B95="","",IFERROR($D95/$D$98,0)) | F95: =IF($B95="","",SUMIFS(NOVEDADES!$U$4:$U$1503,NOVEDADES!$P$4:$P$1503,$B95,NOVEDADES!$B$4:$B$1503,">="&$E$4,NOVEDADES!$B$4:$B$1503,"<="&$G$4)) | G95: =IF($B95="","",COUNTIFS(NOVEDADES!$AA$4:$AA$1503,"En plazo",NOVEDADES!$B$4:$B$1503,">="&$E$4,NOVEDADES!$B$4:$B$1503,"<="&$G$4,NOVEDADES!$P$4:$P$1503,$B95)+COUNTIFS(NOVEDADES!$AA$4:$AA$1503,"Por vencer",NOVEDADES!$B$4:$B$1503,">="&$E$4,NOVEDADES!$B$4:$B$1503,"<="&$G$4,NOVEDADES!$P$4:$P$1503,$B95)+COUNTIFS(NOVEDADES!$AA$4:$AA$1503,"Vencida",NOVEDADES!$B$4:$B$1503,">="&$E$4,NOVEDADES!$B$4:$B$1503,"<="&$G$4,NOVEDADES!$P$4:$P$1503,$B95)+COUNTIFS(NOVEDADES!$AA$4:$AA$1503,"Sin clasificar",NOVEDADES!$B$4:$B$1503,">="&$E$4,NOVEDADES!$B$4:$B$1503,"<="&$G$4,NOVEDADES!$P$4:$P$1503,$B95)) | H95: =IF($B95="","",COUNTIFS(NOVEDADES!$P$4:$P$1503,$B95,NOVEDADES!$AA$4:$AA$1503,"Vencida",NOVEDADES!$B$4:$B$1503,">="&$E$4,NOVEDADES!$B$4:$B$1503,"<="&$G$4)) | I95: =IF($B95="","",IFERROR(ROUND(AVERAGEIFS(NOVEDADES!$Z$4:$Z$1503,NOVEDADES!$P$4:$P$1503,$B95,NOVEDADES!$B$4:$B$1503,">="&$E$4,NOVEDADES!$B$4:$B$1503,"<="&$G$4),1),0))
B96: =IF(CONFIG!$N14="","",CONFIG!$N14) | D96: =IF($B96="","",COUNTIFS(NOVEDADES!$P$4:$P$1503,$B96,NOVEDADES!$B$4:$B$1503,">="&$E$4,NOVEDADES!$B$4:$B$1503,"<="&$G$4)) | E96: =IF($B96="","",IFERROR($D96/$D$98,0)) | F96: =IF($B96="","",SUMIFS(NOVEDADES!$U$4:$U$1503,NOVEDADES!$P$4:$P$1503,$B96,NOVEDADES!$B$4:$B$1503,">="&$E$4,NOVEDADES!$B$4:$B$1503,"<="&$G$4)) | G96: =IF($B96="","",COUNTIFS(NOVEDADES!$AA$4:$AA$1503,"En plazo",NOVEDADES!$B$4:$B$1503,">="&$E$4,NOVEDADES!$B$4:$B$1503,"<="&$G$4,NOVEDADES!$P$4:$P$1503,$B96)+COUNTIFS(NOVEDADES!$AA$4:$AA$1503,"Por vencer",NOVEDADES!$B$4:$B$1503,">="&$E$4,NOVEDADES!$B$4:$B$1503,"<="&$G$4,NOVEDADES!$P$4:$P$1503,$B96)+COUNTIFS(NOVEDADES!$AA$4:$AA$1503,"Vencida",NOVEDADES!$B$4:$B$1503,">="&$E$4,NOVEDADES!$B$4:$B$1503,"<="&$G$4,NOVEDADES!$P$4:$P$1503,$B96)+COUNTIFS(NOVEDADES!$AA$4:$AA$1503,"Sin clasificar",NOVEDADES!$B$4:$B$1503,">="&$E$4,NOVEDADES!$B$4:$B$1503,"<="&$G$4,NOVEDADES!$P$4:$P$1503,$B96)) | H96: =IF($B96="","",COUNTIFS(NOVEDADES!$P$4:$P$1503,$B96,NOVEDADES!$AA$4:$AA$1503,"Vencida",NOVEDADES!$B$4:$B$1503,">="&$E$4,NOVEDADES!$B$4:$B$1503,"<="&$G$4)) | I96: =IF($B96="","",IFERROR(ROUND(AVERAGEIFS(NOVEDADES!$Z$4:$Z$1503,NOVEDADES!$P$4:$P$1503,$B96,NOVEDADES!$B$4:$B$1503,">="&$E$4,NOVEDADES!$B$4:$B$1503,"<="&$G$4),1),0))
B97: =IF(CONFIG!$N15="","",CONFIG!$N15) | D97: =IF($B97="","",COUNTIFS(NOVEDADES!$P$4:$P$1503,$B97,NOVEDADES!$B$4:$B$1503,">="&$E$4,NOVEDADES!$B$4:$B$1503,"<="&$G$4)) | E97: =IF($B97="","",IFERROR($D97/$D$98,0)) | F97: =IF($B97="","",SUMIFS(NOVEDADES!$U$4:$U$1503,NOVEDADES!$P$4:$P$1503,$B97,NOVEDADES!$B$4:$B$1503,">="&$E$4,NOVEDADES!$B$4:$B$1503,"<="&$G$4)) | G97: =IF($B97="","",COUNTIFS(NOVEDADES!$AA$4:$AA$1503,"En plazo",NOVEDADES!$B$4:$B$1503,">="&$E$4,NOVEDADES!$B$4:$B$1503,"<="&$G$4,NOVEDADES!$P$4:$P$1503,$B97)+COUNTIFS(NOVEDADES!$AA$4:$AA$1503,"Por vencer",NOVEDADES!$B$4:$B$1503,">="&$E$4,NOVEDADES!$B$4:$B$1503,"<="&$G$4,NOVEDADES!$P$4:$P$1503,$B97)+COUNTIFS(NOVEDADES!$AA$4:$AA$1503,"Vencida",NOVEDADES!$B$4:$B$1503,">="&$E$4,NOVEDADES!$B$4:$B$1503,"<="&$G$4,NOVEDADES!$P$4:$P$1503,$B97)+COUNTIFS(NOVEDADES!$AA$4:$AA$1503,"Sin clasificar",NOVEDADES!$B$4:$B$1503,">="&$E$4,NOVEDADES!$B$4:$B$1503,"<="&$G$4,NOVEDADES!$P$4:$P$1503,$B97)) | H97: =IF($B97="","",COUNTIFS(NOVEDADES!$P$4:$P$1503,$B97,NOVEDADES!$AA$4:$AA$1503,"Vencida",NOVEDADES!$B$4:$B$1503,">="&$E$4,NOVEDADES!$B$4:$B$1503,"<="&$G$4)) | I97: =IF($B97="","",IFERROR(ROUND(AVERAGEIFS(NOVEDADES!$Z$4:$Z$1503,NOVEDADES!$P$4:$P$1503,$B97,NOVEDADES!$B$4:$B$1503,">="&$E$4,NOVEDADES!$B$4:$B$1503,"<="&$G$4),1),0))
B98: ="TOTAL con punto asignado" | D98: =SUM($D$86:$D$97) | E98: =IF($D$98=0,0,1) | F98: =SUM($F$86:$F$97) | G98: =SUM($G$86:$G$97) | H98: =SUM($H$86:$H$97)
B100: 5 · ESTADO DE LA GESTIÓN y FAMILIA DE LA CAUSA (6M de Ishikawa)
B101: Estado | D101: Casos | E101: % del total | G101: Familia (6M) | I101: Casos | J101: % del total | K101: Valor afectado
B102: =IF(CONFIG!$K4="","",CONFIG!$K4) | D102: =IF($B102="","",COUNTIFS(NOVEDADES!$V$4:$V$1503,$B102,NOVEDADES!$B$4:$B$1503,">="&$E$4,NOVEDADES!$B$4:$B$1503,"<="&$G$4)) | E102: =IF($B102="","",IFERROR($D102/$D$110,0)) | G102: Método | I102: =COUNTIFS(NOVEDADES!$R$4:$R$1503,$G102,NOVEDADES!$B$4:$B$1503,">="&$E$4,NOVEDADES!$B$4:$B$1503,"<="&$G$4) | J102: =IFERROR($I102/$I$110,0) | K102: =SUMIFS(NOVEDADES!$U$4:$U$1503,NOVEDADES!$R$4:$R$1503,$G102,NOVEDADES!$B$4:$B$1503,">="&$E$4,NOVEDADES!$B$4:$B$1503,"<="&$G$4)
B103: =IF(CONFIG!$K5="","",CONFIG!$K5) | D103: =IF($B103="","",COUNTIFS(NOVEDADES!$V$4:$V$1503,$B103,NOVEDADES!$B$4:$B$1503,">="&$E$4,NOVEDADES!$B$4:$B$1503,"<="&$G$4)) | E103: =IF($B103="","",IFERROR($D103/$D$110,0)) | G103: Material | I103: =COUNTIFS(NOVEDADES!$R$4:$R$1503,$G103,NOVEDADES!$B$4:$B$1503,">="&$E$4,NOVEDADES!$B$4:$B$1503,"<="&$G$4) | J103: =IFERROR($I103/$I$110,0) | K103: =SUMIFS(NOVEDADES!$U$4:$U$1503,NOVEDADES!$R$4:$R$1503,$G103,NOVEDADES!$B$4:$B$1503,">="&$E$4,NOVEDADES!$B$4:$B$1503,"<="&$G$4)
B104: =IF(CONFIG!$K6="","",CONFIG!$K6) | D104: =IF($B104="","",COUNTIFS(NOVEDADES!$V$4:$V$1503,$B104,NOVEDADES!$B$4:$B$1503,">="&$E$4,NOVEDADES!$B$4:$B$1503,"<="&$G$4)) | E104: =IF($B104="","",IFERROR($D104/$D$110,0)) | G104: Medición | I104: =COUNTIFS(NOVEDADES!$R$4:$R$1503,$G104,NOVEDADES!$B$4:$B$1503,">="&$E$4,NOVEDADES!$B$4:$B$1503,"<="&$G$4) | J104: =IFERROR($I104/$I$110,0) | K104: =SUMIFS(NOVEDADES!$U$4:$U$1503,NOVEDADES!$R$4:$R$1503,$G104,NOVEDADES!$B$4:$B$1503,">="&$E$4,NOVEDADES!$B$4:$B$1503,"<="&$G$4)
B105: =IF(CONFIG!$K7="","",CONFIG!$K7) | D105: =IF($B105="","",COUNTIFS(NOVEDADES!$V$4:$V$1503,$B105,NOVEDADES!$B$4:$B$1503,">="&$E$4,NOVEDADES!$B$4:$B$1503,"<="&$G$4)) | E105: =IF($B105="","",IFERROR($D105/$D$110,0)) | G105: Mano de obra | I105: =COUNTIFS(NOVEDADES!$R$4:$R$1503,$G105,NOVEDADES!$B$4:$B$1503,">="&$E$4,NOVEDADES!$B$4:$B$1503,"<="&$G$4) | J105: =IFERROR($I105/$I$110,0) | K105: =SUMIFS(NOVEDADES!$U$4:$U$1503,NOVEDADES!$R$4:$R$1503,$G105,NOVEDADES!$B$4:$B$1503,">="&$E$4,NOVEDADES!$B$4:$B$1503,"<="&$G$4)
B106: =IF(CONFIG!$K8="","",CONFIG!$K8) | D106: =IF($B106="","",COUNTIFS(NOVEDADES!$V$4:$V$1503,$B106,NOVEDADES!$B$4:$B$1503,">="&$E$4,NOVEDADES!$B$4:$B$1503,"<="&$G$4)) | E106: =IF($B106="","",IFERROR($D106/$D$110,0)) | G106: Máquina | I106: =COUNTIFS(NOVEDADES!$R$4:$R$1503,$G106,NOVEDADES!$B$4:$B$1503,">="&$E$4,NOVEDADES!$B$4:$B$1503,"<="&$G$4) | J106: =IFERROR($I106/$I$110,0) | K106: =SUMIFS(NOVEDADES!$U$4:$U$1503,NOVEDADES!$R$4:$R$1503,$G106,NOVEDADES!$B$4:$B$1503,">="&$E$4,NOVEDADES!$B$4:$B$1503,"<="&$G$4)
B107: =IF(CONFIG!$K9="","",CONFIG!$K9) | D107: =IF($B107="","",COUNTIFS(NOVEDADES!$V$4:$V$1503,$B107,NOVEDADES!$B$4:$B$1503,">="&$E$4,NOVEDADES!$B$4:$B$1503,"<="&$G$4)) | E107: =IF($B107="","",IFERROR($D107/$D$110,0)) | G107: Medio ambiente | I107: =COUNTIFS(NOVEDADES!$R$4:$R$1503,$G107,NOVEDADES!$B$4:$B$1503,">="&$E$4,NOVEDADES!$B$4:$B$1503,"<="&$G$4) | J107: =IFERROR($I107/$I$110,0) | K107: =SUMIFS(NOVEDADES!$U$4:$U$1503,NOVEDADES!$R$4:$R$1503,$G107,NOVEDADES!$B$4:$B$1503,">="&$E$4,NOVEDADES!$B$4:$B$1503,"<="&$G$4)
G108: Externo | I108: =COUNTIFS(NOVEDADES!$R$4:$R$1503,$G108,NOVEDADES!$B$4:$B$1503,">="&$E$4,NOVEDADES!$B$4:$B$1503,"<="&$G$4) | J108: =IFERROR($I108/$I$110,0) | K108: =SUMIFS(NOVEDADES!$U$4:$U$1503,NOVEDADES!$R$4:$R$1503,$G108,NOVEDADES!$B$4:$B$1503,">="&$E$4,NOVEDADES!$B$4:$B$1503,"<="&$G$4)
G109: Por definir | I109: =COUNTIFS(NOVEDADES!$R$4:$R$1503,$G109,NOVEDADES!$B$4:$B$1503,">="&$E$4,NOVEDADES!$B$4:$B$1503,"<="&$G$4) | J109: =IFERROR($I109/$I$110,0) | K109: =SUMIFS(NOVEDADES!$U$4:$U$1503,NOVEDADES!$R$4:$R$1503,$G109,NOVEDADES!$B$4:$B$1503,">="&$E$4,NOVEDADES!$B$4:$B$1503,"<="&$G$4)
B110: ="TOTAL" | D110: =SUM($D$102:$D$107) | E110: =IF($D$110=0,0,1) | G110: TOTAL | I110: =SUM($I$102:$I$109) | J110: =IF($I$110=0,0,1) | K110: =SUM($K$102:$K$109)
B112: 6 · BUSCADOR — la ficha completa de un envío
B113: Escriba el Nº de guía o de pedido → | D113: P-5017 | F113: ◄ sirve cualquiera de los dos; la ficha de abajo se llena sola
B115: Nº Guía / Remisión | D115: =IF($D$113="","—",IFERROR(INDEX(ENVIOS!$A$4:$A$3003,CONFIG!$X$4),"—"))
B116: Nº Pedido | D116: =IF($D$113="","—",IFERROR(INDEX(ENVIOS!$B$4:$B$3003,CONFIG!$X$4),"—"))
B117: Cliente | D117: =IF($D$113="","—",IFERROR(INDEX(ENVIOS!$D$4:$D$3003,CONFIG!$X$4),"—"))
B118: Ciudad destino | D118: =IF($D$113="","—",IFERROR(INDEX(ENVIOS!$E$4:$E$3003,CONFIG!$X$4),"—"))
B119: Transportadora | D119: =IF($D$113="","—",IFERROR(INDEX(ENVIOS!$F$4:$F$3003,CONFIG!$X$4),"—"))
B120: Conductor | D120: =IF($D$113="","—",IFERROR(INDEX(ENVIOS!$G$4:$G$3003,CONFIG!$X$4),"—"))
B121: Placa | D121: =IF($D$113="","—",IFERROR(INDEX(ENVIOS!$H$4:$H$3003,CONFIG!$X$4),"—"))
B122: Fecha despacho | D122: =IF($D$113="","—",IFERROR(INDEX(ENVIOS!$C$4:$C$3003,CONFIG!$X$4),"—"))
B123: Fecha promesa | D123: =IF($D$113="","—",IFERROR(INDEX(ENVIOS!$K$4:$K$3003,CONFIG!$X$4),"—"))
B124: Fecha entrega real | D124: =IF($D$113="","—",IFERROR(INDEX(ENVIOS!$L$4:$L$3003,CONFIG!$X$4),"—"))
B125: ¿Llegó a tiempo? | D125: =IF($D$113="","—",IFERROR(INDEX(ENVIOS!$N$4:$N$3003,CONFIG!$X$4),"—"))
B126: ¿Llegó completa? | D126: =IF($D$113="","—",IFERROR(INDEX(ENVIOS!$P$4:$P$3003,CONFIG!$X$4),"—"))
B127: OTIF | D127: =IF($D$113="","—",IFERROR(INDEX(ENVIOS!$Q$4:$Q$3003,CONFIG!$X$4),"—"))
B128: Novedades registradas | D128: =IF($D$115="—","—",COUNTIFS(NOVEDADES!$D$4:$D$1503,$D$115))
B129: Valor afectado | D129: =IF($D$115="—","—",SUMIFS(NOVEDADES!$U$4:$U$1503,NOVEDADES!$D$4:$D$1503,$D$115))
B130: Última novedad | D130: =IF($D$115="—","—",IFERROR(LOOKUP(2,1/(NOVEDADES!$D$4:$D$1503=$D$115),NOVEDADES!$M$4:$M$1503),"—"))
...

Sheet NOVEDADES
A1: MATRIZ DE NOVEDADES · logística y transporte
A2: ① IDENTIFICAR · fecha y origen siempre; el Nº de guía solo si la novedad fue en ruta | M2: ② CLASIFICAR · qué pasó, dónde y por qué | T2: ③ IMPACTO | V2: ④ GESTIONAR Y CERRAR | AB2: ⑤ CONSTANCIA
A3: ID | B3: Fecha de la novedad | C3: Origen | D3: Nº Guía / Remisión | E3: Validación | F3: Nº Pedido | G3: Cliente | H3: Ciudad destino | I3: Transportadora | J3: Conductor | K3: Placa | L3: Fecha despacho | M3: Tipo de novedad | N3: Gravedad | O3: ¿Afecta la entrega? | P3: Punto de ocurrencia | Q3: Causa raíz | R3: Familia (6M) | S3: Área responsable | T3: Unidades afectadas | U3: Valor afectado | V3: Estado | W3: Responsable | X3: Fecha límite | Y3: Fecha de solución | Z3: Días abiertos | AA3: Estado SLA | AB3: Qué se hizo | AC3: Notas / soporte
A4: =IF($B4="","","N-"&TEXT(ROW()-3,"0000")) | B4: 46247 | C4: En ruta | D4: G-2403 | E4: =IF($C4="","",IF($D4="",IF($C4="Interna","Sin guía (interna)","FALTA GUÍA"),IF(COUNTIFS(ENVIOS!$A$4:$A$3003,$D4)=0,"NO EXISTE",IF(COUNTIFS(ENVIOS!$A$4:$A$3003,$D4)>1,"DUPLICADA","OK")))) | F4: =IF($D4="","",IFERROR(INDEX(ENVIOS!$B$4:$B$3003,MATCH($D4,ENVIOS!$A$4:$A$3003,0)),"—")) | G4: =IF($D4="","",IFERROR(INDEX(ENVIOS!$D$4:$D$3003,MATCH($D4,ENVIOS!$A$4:$A$3003,0)),"—")) | H4: =IF($D4="","",IFERROR(INDEX(ENVIOS!$E$4:$E$3003,MATCH($D4,ENVIOS!$A$4:$A$3003,0)),"—")) | I4: =IF($D4="","",IFERROR(INDEX(ENVIOS!$F$4:$F$3003,MATCH($D4,ENVIOS!$A$4:$A$3003,0)),"—")) | J4: =IF($D4="","",IFERROR(INDEX(ENVIOS!$G$4:$G$3003,MATCH($D4,ENVIOS!$A$4:$A$3003,0)),"—")) | K4: =IF($D4="","",IFERROR(INDEX(ENVIOS!$H$4:$H$3003,MATCH($D4,ENVIOS!$A$4:$A$3003,0)),"—")) | L4: =IF($D4="","",IFERROR(INDEX(ENVIOS!$C$4:$C$3003,MATCH($D4,ENVIOS!$A$4:$A$3003,0)),"")) | M4: Empaque en mal estado | N4: =IF($M4="","",IFERROR(INDEX(CONFIG!$C$4:$C$63,MATCH($M4,CONFIG!$A$4:$A$63,0)),"Media")) | O4: =IF($M4="","",IF($C4="Interna","NO",IFERROR(INDEX(CONFIG!$E$4:$E$63,MATCH($M4,CONFIG!$A$4:$A$63,0)),"NO"))) | P4: En ruta / entrega al cliente | Q4: Embalaje o estibado deficiente | R4: =IF($Q4="","",IFERROR(INDEX(CONFIG!$H$4:$H$63,MATCH($Q4,CONFIG!$G$4:$G$63,0)),"Por definir")) | S4: =IF($Q4="","",IFERROR(INDEX(CONFIG!$I$4:$I$63,MATCH($Q4,CONFIG!$G$4:$G$63,0)),"Por definir")) | T4: 1 | U4: 0 | V4: Resuelta | W4: Jefe de bodega | X4: =IF(OR($B4="",$M4=""),"",WORKDAY($B4,IFERROR(INDEX(CONFIG!$D$4:$D$63,MATCH($M4,CONFIG!$A$4:$A$63,0)),3))) | Y4: 46248 | Z4: =IF($B4="","",IF($Y4<>"",$Y4-$B4,TODAY()-$B4)) | AA4: =IF($B4="","",IF(IFERROR(INDEX(CONFIG!$L$4:$L$63,MATCH($V4,CONFIG!$K$4:$K$63,0)),"NO")="SÍ",IF(OR($Y4="",$X4=""),"Resuelta",IF($Y4>$X4,"Resuelta tarde","Resuelta a tiempo")),IF($X4="","Sin clasificar",IF(TODAY()>$X4,"Vencida",IF(TODAY()>=$X4-1,"Por vencer","En plazo"))))) | AB4: Se cambió el empaque y se reforzó el estibado
A5: =IF($B5="","","N-"&TEXT(ROW()-3,"0000")) | B5: 46252 | C5: En ruta | D5: G-2410 | E5: =IF($C5="","",IF($D5="",IF($C5="Interna","Sin guía (interna)","FALTA GUÍA"),IF(COUNTIFS(ENVIOS!$A$4:$A$3003,$D5)=0,"NO EXISTE",IF(COUNTIFS(ENVIOS!$A$4:$A$3003,$D5)>1,"DUPLICADA","OK")))) | F5: =IF($D5="","",IFERROR(INDEX(ENVIOS!$B$4:$B$3003,MATCH($D5,ENVIOS!$A$4:$A$3003,0)),"—")) | G5: =IF($D5="","",IFERROR(INDEX(ENVIOS!$D$4:$D$3003,MATCH($D5,ENVIOS!$A$4:$A$3003,0)),"—")) | H5: =IF($D5="","",IFERROR(INDEX(ENVIOS!$E$4:$E$3003,MATCH($D5,ENVIOS!$A$4:$A$3003,0)),"—")) | I5: =IF($D5="","",IFERROR(INDEX(ENVIOS!$F$4:$F$3003,MATCH($D5,ENVIOS!$A$4:$A$3003,0)),"—")) | J5: =IF($D5="","",IFERROR(INDEX(ENVIOS!$G$4:$G$3003,MATCH($D5,ENVIOS!$A$4:$A$3003,0)),"—")) | K5: =IF($D5="","",IFERROR(INDEX(ENVIOS!$H$4:$H$3003,MATCH($D5,ENVIOS!$A$4:$A$3003,0)),"—")) | L5: =IF($D5="","",IFERROR(INDEX(ENVIOS!$C$4:$C$3003,MATCH($D5,ENVIOS!$A$4:$A$3003,0)),"")) | M5: Retraso en vía | N5: =IF($M5="","",IFERROR(INDEX(CONFIG!$C$4:$C$63,MATCH($M5,CONFIG!$A$4:$A$63,0)),"Media")) | O5: =IF($M5="","",IF($C5="Interna","NO",IFERROR(INDEX(CONFIG!$E$4:$E$63,MATCH($M5,CONFIG!$A$4:$A$63,0)),"NO"))) | P5: En ruta / entrega al cliente | Q5: Tráfico, cierre vial u orden público | R5: =IF($Q5="","",IFERROR(INDEX(CONFIG!$H$4:$H$63,MATCH($Q5,CONFIG!$G$4:$G$63,0)),"Por definir")) | S5: =IF($Q5="","",IFERROR(INDEX(CONFIG!$I$4:$I$63,MATCH($Q5,CONFIG!$G$4:$G$63,0)),"Por definir")) | T5: 0 | U5: 0 | V5: Resuelta | W5: Analista de transporte | X5: =IF(OR($B5="",$M5=""),"",WORKDAY($B5,IFERROR(INDEX(CONFIG!$D$4:$D$63,MATCH($M5,CONFIG!$A$4:$A$63,0)),3))) | Y5: 46253 | Z5: =IF($B5="","",IF($Y5<>"",$Y5-$B5,TODAY()-$B5)) | AA5: =IF($B5="","",IF(IFERROR(INDEX(CONFIG!$L$4:$L$63,MATCH($V5,CONFIG!$K$4:$K$63,0)),"NO")="SÍ",IF(OR($Y5="",$X5=""),"Resuelta",IF($Y5>$X5,"Resuelta tarde","Resuelta a tiempo")),IF($X5="","Sin clasificar",IF(TODAY()>$X5,"Vencida",IF(TODAY()>=$X5-1,"Por vencer","En plazo"))))) | AB5: Cierre en La Línea; se reprogramó la ruta
A6: =IF($B6="","","N-"&TEXT(ROW()-3,"0000")) | B6: 46254 | C6: En ruta | D6: G-2417 | E6: =IF($C6="","",IF($D6="",IF($C6="Interna","Sin guía (interna)","FALTA GUÍA"),IF(COUNTIFS(ENVIOS!$A$4:$A$3003,$D6)=0,"NO EXISTE",IF(COUNTIFS(ENVIOS!$A$4:$A$3003,$D6)>1,"DUPLICADA","OK")))) | F6: =IF($D6="","",IFERROR(INDEX(ENVIOS!$B$4:$B$3003,MATCH($D6,ENVIOS!$A$4:$A$3003,0)),"—")) | G6: =IF($D6="","",IFERROR(INDEX(ENVIOS!$D$4:$D$3003,MATCH($D6,ENVIOS!$A$4:$A$3003,0)),"—")) | H6: =IF($D6="","",IFERROR(INDEX(ENVIOS!$E$4:$E$3003,MATCH($D6,ENVIOS!$A$4:$A$3003,0)),"—")) | I6: =IF($D6="","",IFERROR(INDEX(ENVIOS!$F$4:$F$3003,MATCH($D6,ENVIOS!$A$4:$A$3003,0)),"—")) | J6: =IF($D6="","",IFERROR(INDEX(ENVIOS!$G$4:$G$3003,MATCH($D6,ENVIOS!$A$4:$A$3003,0)),"—")) | K6: =IF($D6="","",IFERROR(INDEX(ENVIOS!$H$4:$H$3003,MATCH($D6,ENVIOS!$A$4:$A$3003,0)),"—")) | L6: =IF($D6="","",IFERROR(INDEX(ENVIOS!$C$4:$C$3003,MATCH($D6,ENVIOS!$A$4:$A$3003,0)),"")) | M6: Avería / producto dañado | N6: =IF($M6="","",IFERROR(INDEX(CONFIG!$C$4:$C$63,MATCH($M6,CONFIG!$A$4:$A$63,0)),"Media")) | O6: =IF($M6="","",IF($C6="Interna","NO",IFERROR(INDEX(CONFIG!$E$4:$E$63,MATCH($M6,CONFIG!$A$4:$A$63,0)),"NO"))) | P6: En ruta / entrega al cliente | Q6: Manipulación brusca en cargue/descargue | R6: =IF($Q6="","",IFERROR(INDEX(CONFIG!$H$4:$H$63,MATCH($Q6,CONFIG!$G$4:$G$63,0)),"Por definir")) | S6: =IF($Q6="","",IFERROR(INDEX(CONFIG!$I$4:$I$63,MATCH($Q6,CONFIG!$G$4:$G$63,0)),"Por definir")) | T6: 4 | U6: 1380000 | V6: Resuelta | W6: Coordinador de logística | X6: =IF(OR($B6="",$M6=""),"",WORKDAY($B6,IFERROR(INDEX(CONFIG!$D$4:$D$63,MATCH($M6,CONFIG!$A$4:$A$63,0)),3))) | Y6: 46259 | Z6: =IF($B6="","",IF($Y6<>"",$Y6-$B6,TODAY()-$B6)) | AA6: =IF($B6="","",IF(IFERROR(INDEX(CONFIG!$L$4:$L$63,MATCH($V6,CONFIG!$K$4:$K$63,0)),"NO")="SÍ",IF(OR($Y6="",$X6=""),"Resuelta",IF($Y6>$X6,"Resuelta tarde","Resuelta a tiempo")),IF($X6="","Sin clasificar",IF(TODAY()>$X6,"Vencida",IF(TODAY()>=$X6-1,"Por vencer","En plazo"))))) | AB6: Nota crédito y recobro a la transportadora | AC6: Se pidió reinducción al equipo de cargue
A7: =IF($B7="","","N-"&TEXT(ROW()-3,"0000")) | B7: 46254 | C7: En ruta | D7: G-2417 | E7: =IF($C7="","",IF($D7="",IF($C7="Interna","Sin guía (interna)","FALTA GUÍA"),IF(COUNTIFS(ENVIOS!$A$4:$A$3003,$D7)=0,"NO EXISTE",IF(COUNTIFS(ENVIOS!$A$4:$A$3003,$D7)>1,"DUPLICADA","OK")))) | F7: =IF($D7="","",IFERROR(INDEX(ENVIOS!$B$4:$B$3003,MATCH($D7,ENVIOS!$A$4:$A$3003,0)),"—")) | G7: =IF($D7="","",IFERROR(INDEX(ENVIOS!$D$4:$D$3003,MATCH($D7,ENVIOS!$A$4:$A$3003,0)),"—")) | H7: =IF($D7="","",IFERROR(INDEX(ENVIOS!$E$4:$E$3003,MATCH($D7,ENVIOS!$A$4:$A$3003,0)),"—")) | I7: =IF($D7="","",IFERROR(INDEX(ENVIOS!$F$4:$F$3003,MATCH($D7,ENVIOS!$A$4:$A$3003,0)),"—")) | J7: =IF($D7="","",IFERROR(INDEX(ENVIOS!$G$4:$G$3003,MATCH($D7,ENVIOS!$A$4:$A$3003,0)),"—")) | K7: =IF($D7="","",IFERROR(INDEX(ENVIOS!$H$4:$H$3003,MATCH($D7,ENVIOS!$A$4:$A$3003,0)),"—")) | L7: =IF($D7="","",IFERROR(INDEX(ENVIOS!$C$4:$C$3003,MATCH($D7,ENVIOS!$A$4:$A$3003,0)),"")) | M7: Faltante (llegó de menos) | N7: =IF($M7="","",IFERROR(INDEX(CONFIG!$C$4:$C$63,MATCH($M7,CONFIG!$A$4:$A$63,0)),"Media")) | O7: =IF($M7="","",IF($C7="Interna","NO",IFERROR(INDEX(CONFIG!$E$4:$E$63,MATCH($M7,CONFIG!$A$4:$A$63,0)),"NO"))) | P7: Alistamiento (picking) | Q7: Error de alistamiento (picking) | R7: =IF($Q7="","",IFERROR(INDEX(CONFIG!$H$4:$H$63,MATCH($Q7,CONFIG!$G$4:$G$63,0)),"Por definir")) | S7: =IF($Q7="","",IFERROR(INDEX(CONFIG!$I$4:$I$63,MATCH($Q7,CONFIG!$G$4:$G$63,0)),"Por definir")) | T7: 2 | U7: 690000 | V7: Resuelta | W7: Jefe de bodega | X7: =IF(OR($B7="",$M7=""),"",WORKDAY($B7,IFERROR(INDEX(CONFIG!$D$4:$D$63,MATCH($M7,CONFIG!$A$4:$A$63,0)),3))) | Y7: 46258 | Z7: =IF($B7="","",IF($Y7<>"",$Y7-$B7,TODAY()-$B7)) | AA7: =IF($B7="","",IF(IFERROR(INDEX(CONFIG!$L$4:$L$63,MATCH($V7,CONFIG!$K$4:$K$63,0)),"NO")="SÍ",IF(OR($Y7="",$X7=""),"Resuelta",IF($Y7>$X7,"Resuelta tarde","Resuelta a tiempo")),IF($X7="","Sin clasificar",IF(TODAY()>$X7,"Vencida",IF(TODAY()>=$X7-1,"Por vencer","En plazo"))))) | AB7: Reconteo en bodega y despacho del faltante
A8: =IF($B8="","","N-"&TEXT(ROW()-3,"0000")) | B8: 46259 | C8: En ruta | D8: G-2426 | E8: =IF($C8="","",IF($D8="",IF($C8="Interna","Sin guía (interna)","FALTA GUÍA"),IF(COUNTIFS(ENVIOS!$A$4:$A$3003,$D8)=0,"NO EXISTE",IF(COUNTIFS(ENVIOS!$A$4:$A$3003,$D8)>1,"DUPLICADA","OK")))) | F8: =IF($D8="","",IFERROR(INDEX(ENVIOS!$B$4:$B$3003,MATCH($D8,ENVIOS!$A$4:$A$3003,0)),"—")) | G8: =IF($D8="","",IFERROR(INDEX(ENVIOS!$D$4:$D$3003,MATCH($D8,ENVIOS!$A$4:$A$3003,0)),"—")) | H8: =IF($D8="","",IFERROR(INDEX(ENVIOS!$E$4:$E$3003,MATCH($D8,ENVIOS!$A$4:$A$3003,0)),"—")) | I8: =IF($D8="","",IFERROR(INDEX(ENVIOS!$F$4:$F$3003,MATCH($D8,ENVIOS!$A$4:$A$3003,0)),"—")) | J8: =IF($D8="","",IFERROR(INDEX(ENVIOS!$G$4:$G$3003,MATCH($D8,ENVIOS!$A$4:$A$3003,0)),"—")) | K8: =IF($D8="","",IFERROR(INDEX(ENVIOS!$H$4:$H$3003,MATCH($D8,ENVIOS!$A$4:$A$3003,0)),"—")) | L8: =IF($D8="","",IFERROR(INDEX(ENVIOS!$C$4:$C$3003,MATCH($D8,ENVIOS!$A$4:$A$3003,0)),"")) | M8: Faltante (llegó de menos) | N8: =IF($M8="","",IFERROR(INDEX(CONFIG!$C$4:$C$63,MATCH($M8,CONFIG!$A$4:$A$63,0)),"Media")) | O8: =IF($M8="","",IF($C8="Interna","NO",IFERROR(INDEX(CONFIG!$E$4:$E$63,MATCH($M8,CONFIG!$A$4:$A$63,0)),"NO"))) | P8: Alistamiento (picking) | Q8: Inventario descuadrado | R8: =IF($Q8="","",IFERROR(INDEX(CONFIG!$H$4:$H$63,MATCH($Q8,CONFIG!$G$4:$G$63,0)),"Por definir")) | S8: =IF($Q8="","",IFERROR(INDEX(CONFIG!$I$4:$I$63,MATCH($Q8,CONFIG!$G$4:$G$63,0)),"Por definir")) | T8: 2 | U8: 630000 | V8: Resuelta | W8: Jefe de bodega | X8: =IF(OR($B8="",$M8=""),"",WORKDAY($B8,IFERROR(INDEX(CONFIG!$D$4:$D$63,MATCH($M8,CONFIG!$A$4:$A$63,0)),3))) | Y8: 46261 | Z8: =IF($B8="","",IF($Y8<>"",$Y8-$B8,TODAY()-$B8)) | AA8: =IF($B8="","",IF(IFERROR(INDEX(CONFIG!$L$4:$L$63,MATCH($V8,CONFIG!$K$4:$K$63,0)),"NO")="SÍ",IF(OR($Y8="",$X8=""),"Resuelta",IF($Y8>$X8,"Resuelta tarde","Resuelta a tiempo")),IF($X8="","Sin clasificar",IF(TODAY()>$X8,"Vencida",IF(TODAY()>=$X8-1,"Por vencer","En plazo"))))) | AB8: Se despachó el faltante al día siguiente | AC8: Llegó a tiempo pero incompleta: cuenta como entrega a tiempo y NO como OTIF
A9: =IF($B9="","","N-"&TEXT(ROW()-3,"0000")) | B9: 46261 | C9: En ruta | D9: G-2419 | E9: =IF($C9="","",IF($D9="",IF($C9="Interna","Sin guía (interna)","FALTA GUÍA"),IF(COUNTIFS(ENVIOS!$A$4:$A$3003,$D9)=0,"NO EXISTE",IF(COUNTIFS(ENVIOS!$A$4:$A$3003,$D9)>1,"DUPLICADA","OK")))) | F9: =IF($D9="","",IFERROR(INDEX(ENVIOS!$B$4:$B$3003,MATCH($D9,ENVIOS!$A$4:$A$3003,0)),"—")) | G9: =IF($D9="","",IFERROR(INDEX(ENVIOS!$D$4:$D$3003,MATCH($D9,ENVIOS!$A$4:$A$3003,0)),"—")) | H9: =IF($D9="","",IFERROR(INDEX(ENVIOS!$E$4:$E$3003,MATCH($D9,ENVIOS!$A$4:$A$3003,0)),"—")) | I9: =IF($D9="","",IFERROR(INDEX(ENVIOS!$F$4:$F$3003,MATCH($D9,ENVIOS!$A$4:$A$3003,0)),"—")) | J9: =IF($D9="","",IFERROR(INDEX(ENVIOS!$G$4:$G$3003,MATCH($D9,ENVIOS!$A$4:$A$3003,0)),"—")) | K9: =IF($D9="","",IFERROR(INDEX(ENVIOS!$H$4:$H$3003,MATCH($D9,ENVIOS!$A$4:$A$3003,0)),"—")) | L9: =IF($D9="","",IFERROR(INDEX(ENVIOS!$C$4:$C$3003,MATCH($D9,ENVIOS!$A$4:$A$3003,0)),"")) | M9: Cliente ausente / no atiende | N9: =IF($M9="","",IFERROR(INDEX(CONFIG!$C$4:$C$63,MATCH($M9,CONFIG!$A$4:$A$63,0)),"Media")) | O9: =IF($M9="","",IF($C9="Interna","NO",IFERROR(INDEX(CONFIG!$E$4:$E$63,MATCH($M9,CONFIG!$A$4:$A$63,0)),"NO"))) | P9: En ruta / entrega al cliente | Q9: Datos del cliente desactualizados | R9: =IF($Q9="","",IFERROR(INDEX(CONFIG!$H$4:$H$63,MATCH($Q9,CONFIG!$G$4:$G$63,0)),"Por definir")) | S9: =IF($Q9="","",IFERROR(INDEX(CONFIG!$I$4:$I$63,MATCH($Q9,CONFIG!$G$4:$G$63,0)),"Por definir")) | T9: 9 | U9: 2900000 | V9: Resuelta | W9: Servicio al cliente | X9: =IF(OR($B9="",$M9=""),"",WORKDAY($B9,IFERROR(INDEX(CONFIG!$D$4:$D$63,MATCH($M9,CONFIG!$A$4:$A$63,0)),3))) | Y9: 46265 | Z9: =IF($B9="","",IF($Y9<>"",$Y9-$B9,TODAY()-$B9)) | AA9: =IF($B9="","",IF(IFERROR(INDEX(CONFIG!$L$4:$L$63,MATCH($V9,CONFIG!$K$4:$K$63,0)),"NO")="SÍ",IF(OR($Y9="",$X9=""),"Resuelta",IF($Y9>$X9,"Resuelta tarde","Resuelta a tiempo")),IF($X9="","Sin clasificar",IF(TODAY()>$X9,"Vencida",IF(TODAY()>=$X9-1,"Por vencer","En plazo"))))) | AB9: Se actualizó el contacto y se reprogramó
A10: =IF($B10="","","N-"&TEXT(ROW()-3,"0000")) | B10: 46265 | C10: En ruta | D10: G-2420 | E10: =IF($C10="","",IF($D10="",IF($C10="Interna","Sin guía (interna)","FALTA GUÍA"),IF(COUNTIFS(ENVIOS!$A$4:$A$3003,$D10)=0,"NO EXISTE",IF(COUNTIFS(ENVIOS!$A$4:$A$3003,$D10)>1,"DUPLICADA","OK")))) | F10: =IF($D10="","",IFERROR(INDEX(ENVIOS!$B$4:$B$3003,MATCH($D10,ENVIOS!$A$4:$A$3003,0)),"—")) | G10: =IF($D10="","",IFERROR(INDEX(ENVIOS!$D$4:$D$3003,MATCH($D10,ENVIOS!$A$4:$A$3003,0)),"—")) | H10: =IF($D10="","",IFERROR(INDEX(ENVIOS!$E$4:$E$3003,MATCH($D10,ENVIOS!$A$4:$A$3003,0)),"—")) | I10: =IF($D10="","",IFERROR(INDEX(ENVIOS!$F$4:$F$3003,MATCH($D10,ENVIOS!$A$4:$A$3003,0)),"—")) | J10: =IF($D10="","",IFERROR(INDEX(ENVIOS!$G$4:$G$3003,MATCH($D10,ENVIOS!$A$4:$A$3003,0)),"—")) | K10: =IF($D10="","",IFERROR(INDEX(ENVIOS!$H$4:$H$3003,MATCH($D10,ENVIOS!$A$4:$A$3003,0)),"—")) | L10: =IF($D10="","",IFERROR(INDEX(ENVIOS!$C$4:$C$3003,MATCH($D10,ENVIOS!$A$4:$A$3003,0)),"")) | M10: Cliente rechaza el envío | N10: =IF($M10="","",IFERROR(INDEX(CONFIG!$C$4:$C$63,MATCH($M10,CONFIG!$A$4:$A$63,0)),"Media")) | O10: =IF($M10="","",IF($C10="Interna","NO",IFERROR(INDEX(CONFIG!$E$4:$E$63,MATCH($M10,CONFIG!$A$4:$A$63,0)),"NO"))) | P10: En ruta / entrega al cliente | Q10: Cliente sin cupo / cartera bloqueada | R10: =IF($Q10="","",IFERROR(INDEX(CONFIG!$H$4:$H$63,MATCH($Q10,CONFIG!$G$4:$G$63,0)),"Por definir")) | S10: =IF($Q10="","",IFERROR(INDEX(CONFIG!$I$4:$I$63,MATCH($Q10,CONFIG!$G$4:$G$63,0)),"Por definir")) | T10: 12 | U10: 3800000 | V10: Esperando al cliente | W10: Cartera | X10: =IF(OR($B10="",$M10=""),"",WORKDAY($B10,IFERROR(INDEX(CONFIG!$D$4:$D$63,MATCH($M10,CONFIG!$A$4:$A$63,0)),3))) | Z10: =IF($B10="","",IF($Y10<>"",$Y10-$B10,TODAY()-$B10)) | AA10: =IF($B10="","",IF(IFERROR(INDEX(CONFIG!$L$4:$L$63,MATCH($V10,CONFIG!$K$4:$K$63,0)),"NO")="SÍ",IF(OR($Y10="",$X10=""),"Resuelta",IF($Y10>$X10,"Resuelta tarde","Resuelta a tiempo")),IF($X10="","Sin clasificar",IF(TODAY()>$X10,"Vencida",IF(TODAY()>=$X10-1,"Por vencer","En plazo"))))) | AC10: Cartera está revisando el cupo
A11: =IF($B11="","","N-"&TEXT(ROW()-3,"0000")) | B11: 46265 | C11: En ruta | D11: G-2413 | E11: =IF($C11="","",IF($D11="",IF($C11="Interna","Sin guía (interna)","FALTA GUÍA"),IF(COUNTIFS(ENVIOS!$A$4:$A$3003,$D11)=0,"NO EXISTE",IF(COUNTIFS(ENVIOS!$A$4:$A$3003,$D11)>1,"DUPLICADA","OK")))) | F11: =IF($D11="","",IFERROR(INDEX(ENVIOS!$B$4:$B$3003,MATCH($D11,ENVIOS!$A$4:$A$3003,0)),"—")) | G11: =IF($D11="","",IFERROR(INDEX(ENVIOS!$D$4:$D$3003,MATCH($D11,ENVIOS!$A$4:$A$3003,0)),"—")) | H11: =IF($D11="","",IFERROR(INDEX(ENVIOS!$E$4:$E$3003,MATCH($D11,ENVIOS!$A$4:$A$3003,0)),"—")) | I11: =IF($D11="","",IFERROR(INDEX(ENVIOS!$F$4:$F$3003,MATCH($D11,ENVIOS!$A$4:$A$3003,0)),"—")) | J11: =IF($D11="","",IFERROR(INDEX(ENVIOS!$G$4:$G$3003,MATCH($D11,ENVIOS!$A$4:$A$3003,0)),"—")) | K11: =IF($D11="","",IFERROR(INDEX(ENVIOS!$H$4:$H$3003,MATCH($D11,ENVIOS!$A$4:$A$3003,0)),"—")) | L11: =IF($D11="","",IFERROR(INDEX(ENVIOS!$C$4:$C$3003,MATCH($D11,ENVIOS!$A$4:$A$3003,0)),"")) | M11: Producto equivocado | N11: =IF($M11="","",IFERROR(INDEX(CONFIG!$C$4:$C$63,MATCH($M11,CONFIG!$A$4:$A$63,0)),"Media")) | O11: =IF($M11="","",IF($C11="Interna","NO",IFERROR(INDEX(CONFIG!$E$4:$E$63,MATCH($M11,CONFIG!$A$4:$A$63,0)),"NO"))) | P11: Alistamiento (picking) | Q11: Error de alistamiento (picking) | R11: =IF($Q11="","",IFERROR(INDEX(CONFIG!$H$4:$H$63,MATCH($Q11,CONFIG!$G$4:$G$63,0)),"Por definir")) | S11: =IF($Q11="","",IFERROR(INDEX(CONFIG!$I$4:$I$63,MATCH($Q11,CONFIG!$G$4:$G$63,0)),"Por definir")) | T11: 3 | U11: 980000 | V11: Resuelta | W11: Jefe de bodega | X11: =IF(OR($B11="",$M11=""),"",WORKDAY($B11,IFERROR(INDEX(CONFIG!$D$4:$D$63,MATCH($M11,CONFIG!$A$4:$A$63,0)),3))) | Y11: 46268 | Z11: =IF($B11="","",IF($Y11<>"",$Y11-$B11,TODAY()-$B11)) | AA11: =IF($B11="","",IF(IFERROR(INDEX(CONFIG!$L$4:$L$63,MATCH($V11,CONFIG!$K$4:$K$63,0)),"NO")="SÍ",IF(OR($Y11="",$X11=""),"Resuelta",IF($Y11>$X11,"Resuelta tarde","Resuelta a tiempo")),IF($X11="","Sin clasificar",IF(TODAY()>$X11,"Vencida",IF(TODAY()>=$X11-1,"Por vencer","En plazo"))))) | AB11: Se recogió y se despachó la referencia correcta
A12: =IF($B12="","","N-"&TEXT(ROW()-3,"0000")) | B12: 46267 | C12: En ruta | D12: G-2425 | E12: =IF($C12="","",IF($D12="",IF($C12="Interna","Sin guía (interna)","FALTA GUÍA"),IF(COUNTIFS(ENVIOS!$A$4:$A$3003,$D12)=0,"NO EXISTE",IF(COUNTIFS(ENVIOS!$A$4:$A$3003,$D12)>1,"DUPLICADA","OK")))) | F12: =IF($D12="","",IFERROR(INDEX(ENVIOS!$B$4:$B$3003,MATCH($D12,ENVIOS!$A$4:$A$3003,0)),"—")) | G12: =IF($D12="","",IFERROR(INDEX(ENVIOS!$D$4:$D$3003,MATCH($D12,ENVIOS!$A$4:$A$3003,0)),"—")) | H12: =IF($D12="","",IFERROR(INDEX(ENVIOS!$E$4:$E$3003,MATCH($D12,ENVIOS!$A$4:$A$3003,0)),"—")) | I12: =IF($D12="","",IFERROR(INDEX(ENVIOS!$F$4:$F$3003,MATCH($D12,ENVIOS!$A$4:$A$3003,0)),"—")) | J12: =IF($D12="","",IFERROR(INDEX(ENVIOS!$G$4:$G$3003,MATCH($D12,ENVIOS!$A$4:$A$3003,0)),"—")) | K12: =IF($D12="","",IFERROR(INDEX(ENVIOS!$H$4:$H$3003,MATCH($D12,ENVIOS!$A$4:$A$3003,0)),"—")) | L12: =IF($D12="","",IFERROR(INDEX(ENVIOS!$C$4:$C$3003,MATCH($D12,ENVIOS!$A$4:$A$3003,0)),"")) | M12: Soporte de entrega sin firmar | N12: =IF($M12="","",IFERROR(INDEX(CONFIG!$C$4:$C$63,MATCH($M12,CONFIG!$A$4:$A$63,0)),"Media")) | O12: =IF($M12="","",IF($C12="Interna","NO",IFERROR(INDEX(CONFIG!$E$4:$E$63,MATCH($M12,CONFIG!$A$4:$A$63,0)),"NO"))) | P12: En ruta / entrega al cliente | Q12: Conductor sin capacitación o procedimiento | R12: =IF($Q12="","",IFERROR(INDEX(CONFIG!$H$4:$H$63,MATCH($Q12,CONFIG!$G$4:$G$63,0)),"Por definir")) | S12: =IF($Q12="","",IFERROR(INDEX(CONFIG!$I$4:$I$63,MATCH($Q12,CONFIG!$G$4:$G$63,0)),"Por definir")) | T12: 0 | U12: 0 | V12: En gestión | W12: Analista de transporte | X12: =IF(OR($B12="",$M12=""),"",WORKDAY($B12,IFERROR(INDEX(CONFIG!$D$4:$D$63,MATCH($M12,CONFIG!$A$4:$A$63,0)),3))) | Z12: =IF($B12="","",IF($Y12<>"",$Y12-$B12,TODAY()-$B12)) | AA12: =IF($B12="","",IF(IFERROR(INDEX(CONFIG!$L$4:$L$63,MATCH($V12,CONFIG!$K$4:$K$63,0)),"NO")="SÍ",IF(OR($Y12="",$X12=""),"Resuelta",IF($Y12>$X12,"Resuelta tarde","Resuelta a tiempo")),IF($X12="","Sin clasificar",IF(TODAY()>$X12,"Vencida",IF(TODAY()>=$X12-1,"Por vencer","En plazo"))))) | AC12: Falta el sello del cliente
A13: =IF($B13="","","N-"&TEXT(ROW()-3,"0000")) | B13: 46272 | C13: En ruta | D13: G-2415 | E13: =IF($C13="","",IF($D13="",IF($C13="Interna","Sin guía (interna)","FALTA GUÍA"),IF(COUNTIFS(ENVIOS!$A$4:$A$3003,$D13)=0,"NO EXISTE",IF(COUNTIFS(ENVIOS!$A$4:$A$3003,$D13)>1,"DUPLICADA","OK")))) | F13: =IF($D13="","",IFERROR(INDEX(ENVIOS!$B$4:$B$3003,MATCH($D13,ENVIOS!$A$4:$A$3003,0)),"—")) | G13: =IF($D13="","",IFERROR(INDEX(ENVIOS!$D$4:$D$3003,MATCH($D13,ENVIOS!$A$4:$A$3003,0)),"—")) | H13: =IF($D13="","",IFERROR(INDEX(ENVIOS!$E$4:$E$3003,MATCH($D13,ENVIOS!$A$4:$A$3003,0)),"—")) | I13: =IF($D13="","",IFERROR(INDEX(ENVIOS!$F$4:$F$3003,MATCH($D13,ENVIOS!$A$4:$A$3003,0)),"—")) | J13: =IF($D13="","",IFERROR(INDEX(ENVIOS!$G$4:$G$3003,MATCH($D13,ENVIOS!$A$4:$A$3003,0)),"—")) | K13: =IF($D13="","",IFERROR(INDEX(ENVIOS!$H$4:$H$3003,MATCH($D13,ENVIOS!$A$4:$A$3003,0)),"—")) | L13: =IF($D13="","",IFERROR(INDEX(ENVIOS!$C$4:$C$3003,MATCH($D13,ENVIOS!$A$4:$A$3003,0)),"")) | M13: Retraso en vía | N13: =IF($M13="","",IFERROR(INDEX(CONFIG!$C$4:$C$63,MATCH($M13,CONFIG!$A$4:$A$63,0)),"Media")) | O13: =IF($M13="","",IF($C13="Interna","NO",IFERROR(INDEX(CONFIG!$E$4:$E$63,MATCH($M13,CONFIG!$A$4:$A$63,0)),"NO"))) | P13: Despacho y coordinación | Q13: Ruta mal planeada o secuencia errada | R13: =IF($Q13="","",IFERROR(INDEX(CONFIG!$H$4:$H$63,MATCH($Q13,CONFIG!$G$4:$G$63,0)),"Por definir")) | S13: =IF($Q13="","",IFERROR(INDEX(CONFIG!$I$4:$I$63,MATCH($Q13,CONFIG!$G$4:$G$63,0)),"Por definir")) | T13: 0 | U13: 0 | V13: En gestión | W13: Coordinador de logística | X13: =IF(OR($B13="",$M13=""),"",WORKDAY($B13,IFERROR(INDEX(CONFIG!$D$4:$D$63,MATCH($M13,CONFIG!$A$4:$A$63,0)),3))) | Z13: =IF($B13="","",IF($Y13<>"",$Y13-$B13,TODAY()-$B13)) | AA13: =IF($B13="","",IF(IFERROR(INDEX(CONFIG!$L$4:$L$63,MATCH($V13,CONFIG!$K$4:$K$63,0)),"NO")="SÍ",IF(OR($Y13="",$X13=""),"Resuelta",IF($Y13>$X13,"Resuelta tarde","Resuelta a tiempo")),IF($X13="","Sin clasificar",IF(TODAY()>$X13,"Vencida",IF(TODAY()>=$X13-1,"Por vencer","En plazo"))))) | AC13: Se está revisando la secuencia de entrega
A14: =IF($B14="","","N-"&TEXT(ROW()-3,"0000")) | B14: 46273 | C14: En ruta | D14: G-2422 | E14: =IF($C14="","",IF($D14="",IF($C14="Interna","Sin guía (interna)","FALTA GUÍA"),IF(COUNTIFS(ENVIOS!$A$4:$A$3003,$D14)=0,"NO EXISTE",IF(COUNTIFS(ENVIOS!$A$4:$A$3003,$D14)>1,"DUPLICADA","OK")))) | F14: =IF($D14="","",IFERROR(INDEX(ENVIOS!$B$4:$B$3003,MATCH($D14,ENVIOS!$A$4:$A$3003,0)),"—")) | G14: =IF($D14="","",IFERROR(INDEX(ENVIOS!$D$4:$D$3003,MATCH($D14,ENVIOS!$A$4:$A$3003,0)),"—")) | H14: =IF($D14="","",IFERROR(INDEX(ENVIOS!$E$4:$E$3003,MATCH($D14,ENVIOS!$A$4:$A$3003,0)),"—")) | I14: =IF($D14="","",IFERROR(INDEX(ENVIOS!$F$4:$F$3003,MATCH($D14,ENVIOS!$A$4:$A$3003,0)),"—")) | J14: =IF($D14="","",IFERROR(INDEX(ENVIOS!$G$4:$G$3003,MATCH($D14,ENVIOS!$A$4:$A$3003,0)),"—")) | K14: =IF($D14="","",IFERROR(INDEX(ENVIOS!$H$4:$H$3003,MATCH($D14,ENVIOS!$A$4:$A$3003,0)),"—")) | L14: =IF($D14="","",IFERROR(INDEX(ENVIOS!$C$4:$C$3003,MATCH($D14,ENVIOS!$A$4:$A$3003,0)),"")) | M14: Avería / producto dañado | N14: =IF($M14="","",IFERROR(INDEX(CONFIG!$C$4:$C$63,MATCH($M14,CONFIG!$A$4:$A$63,0)),"Media")) | O14: =IF($M14="","",IF($C14="Interna","NO",IFERROR(INDEX(CONFIG!$E$4:$E$63,MATCH($M14,CONFIG!$A$4:$A$63,0)),"NO"))) | P14: Cargue del vehículo | Q14: Manipulación brusca en cargue/descargue | R14: =IF($Q14="","",IFERROR(INDEX(CONFIG!$H$4:$H$63,MATCH($Q14,CONFIG!$G$4:$G$63,0)),"Por definir")) | S14: =IF($Q14="","",IFERROR(INDEX(CONFIG!$I$4:$I$63,MATCH($Q14,CONFIG!$G$4:$G$63,0)),"Por definir")) | T14: 5 | U14: 1640000 | V14: Escalada a transportadora | W14: Analista de transporte | X14: =IF(OR($B14="",$M14=""),"",WORKDAY($B14,IFERROR(INDEX(CONFIG!$D$4:$D$63,MATCH($M14,CONFIG!$A$4:$A$63,0)),3))) | Z14: =IF($B14="","",IF($Y14<>"",$Y14-$B14,TODAY()-$B14)) | AA14: =IF($B14="","",IF(IFERROR(INDEX(CONFIG!$L$4:$L$63,MATCH($V14,CONFIG!$K$4:$K$63,0)),"NO")="SÍ",IF(OR($Y14="",$X14=""),"Resuelta",IF($Y14>$X14,"Resuelta tarde","Resuelta a tiempo")),IF($X14="","Sin clasificar",IF(TODAY()>$X14,"Vencida",IF(TODAY()>=$X14-1,"Por vencer","En plazo"))))) | AC14: Tercer caso del mismo conductor
A15: =IF($B15="","","N-"&TEXT(ROW()-3,"0000")) | B15: 46273 | C15: En ruta | D15: G-2422 | E15: =IF($C15="","",IF($D15="",IF($C15="Interna","Sin guía (interna)","FALTA GUÍA"),IF(COUNTIFS(ENVIOS!$A$4:$A$3003,$D15)=0,"NO EXISTE",IF(COUNTIFS(ENVIOS!$A$4:$A$3003,$D15)>1,"DUPLICADA","OK")))) | F15: =IF($D15="","",IFERROR(INDEX(ENVIOS!$B$4:$B$3003,MATCH($D15,ENVIOS!$A$4:$A$3003,0)),"—")) | G15: =IF($D15="","",IFERROR(INDEX(ENVIOS!$D$4:$D$3003,MATCH($D15,ENVIOS!$A$4:$A$3003,0)),"—")) | H15: =IF($D15="","",IFERROR(INDEX(ENVIOS!$E$4:$E$3003,MATCH($D15,ENVIOS!$A$4:$A$3003,0)),"—")) | I15: =IF($D15="","",IFERROR(INDEX(ENVIOS!$F$4:$F$3003,MATCH($D15,ENVIOS!$A$4:$A$3003,0)),"—")) | J15: =IF($D15="","",IFERROR(INDEX(ENVIOS!$G$4:$G$3003,MATCH($D15,ENVIOS!$A$4:$A$3003,0)),"—")) | K15: =IF($D15="","",IFERROR(INDEX(ENVIOS!$H$4:$H$3003,MATCH($D15,ENVIOS!$A$4:$A$3003,0)),"—")) | L15: =IF($D15="","",IFERROR(INDEX(ENVIOS!$C$4:$C$3003,MATCH($D15,ENVIOS!$A$4:$A$3003,0)),"")) | M15: Vehículo varado / falla mecánica | N15: =IF($M15="","",IFERROR(INDEX(CONFIG!$C$4:$C$63,MATCH($M15,CONFIG!$A$4:$A$63,0)),"Media")) | O15: =IF($M15="","",IF($C15="Interna","NO",IFERROR(INDEX(CONFIG!$E$4:$E$63,MATCH($M15,CONFIG!$A$4:$A$63,0)),"NO"))) | P15: En ruta / entrega al cliente | Q15: Falla mecánica del vehículo | R15: =IF($Q15="","",IFERROR(INDEX(CONFIG!$H$4:$H$63,MATCH($Q15,CONFIG!$G$4:$G$63,0)),"Por definir")) | S15: =IF($Q15="","",IFERROR(INDEX(CONFIG!$I$4:$I$63,MATCH($Q15,CONFIG!$G$4:$G$63,0)),"Por definir")) | T15: 25 | U15: 8200000 | V15: Esperando a la transportadora | W15: Analista de transporte | X15: =IF(OR($B15="",$M15=""),"",WORKDAY($B15,IFERROR(INDEX(CONFIG!$D$4:$D$63,MATCH($M15,CONFIG!$A$4:$A$63,0)),3))) | Z15: =IF($B15="","",IF($Y15<>"",$Y15-$B15,TODAY()-$B15)) | AA15: =IF($B15="","",IF(IFERROR(INDEX(CONFIG!$L$4:$L$63,MATCH($V15,CONFIG!$K$4:$K$63,0)),"NO")="SÍ",IF(OR($Y15="",$X15=""),"Resuelta",IF($Y15>$X15,"Resuelta tarde","Resuelta a tiempo")),IF($X15="","Sin clasificar",IF(TODAY()>$X15,"Vencida",IF(TODAY()>=$X15-1,"Por vencer","En plazo"))))) | AC15: El vehículo quedó varado en la vía
A16: =IF($B16="","","N-"&TEXT(ROW()-3,"0000")) | B16: 46274 | C16: En ruta | D16: G-2423 | E16: =IF($C16="","",IF($D16="",IF($C16="Interna","Sin guía (interna)","FALTA GUÍA"),IF(COUNTIFS(ENVIOS!$A$4:$A$3003,$D16)=0,"NO EXISTE",IF(COUNTIFS(ENVIOS!$A$4:$A$3003,$D16)>1,"DUPLICADA","OK")))) | F16: =IF($D16="","",IFERROR(INDEX(ENVIOS!$B$4:$B$3003,MATCH($D16,ENVIOS!$A$4:$A$3003,0)),"—")) | G16: =IF($D16="","",IFERROR(INDEX(ENVIOS!$D$4:$D$3003,MATCH($D16,ENVIOS!$A$4:$A$3003,0)),"—")) | H16: =IF($D16="","",IFERROR(INDEX(ENVIOS!$E$4:$E$3003,MATCH($D16,ENVIOS!$A$4:$A$3003,0)),"—")) | I16: =IF($D16="","",IFERROR(INDEX(ENVIOS!$F$4:$F$3003,MATCH($D16,ENVIOS!$A$4:$A$3003,0)),"—")) | J16: =IF($D16="","",IFERROR(INDEX(ENVIOS!$G$4:$G$3003,MATCH($D16,ENVIOS!$A$4:$A$3003,0)),"—")) | K16: =IF($D16="","",IFERROR(INDEX(ENVIOS!$H$4:$H$3003,MATCH($D16,ENVIOS!$A$4:$A$3003,0)),"—")) | L16: =IF($D16="","",IFERROR(INDEX(ENVIOS!$C$4:$C$3003,MATCH($D16,ENVIOS!$A$4:$A$3003,0)),"")) | M16: Retraso en vía | N16: =IF($M16="","",IFERROR(INDEX(CONFIG!$C$4:$C$63,MATCH($M16,CONFIG!$A$4:$A$63,0)),"Media")) | O16: =IF($M16="","",IF($C16="Interna","NO",IFERROR(INDEX(CONFIG!$E$4:$E$63,MATCH($M16,CONFIG!$A$4:$A$63,0)),"NO"))) | P16: En ruta / entrega al cliente | Q16: Falla mecánica del vehículo | R16: =IF($Q16="","",IFERROR(INDEX(CONFIG!$H$4:$H$63,MATCH($Q16,CONFIG!$G$4:$G$63,0)),"Por definir")) | S16: =IF($Q16="","",IFERROR(INDEX(CONFIG!$I$4:$I$63,MATCH($Q16,CONFIG!$G$4:$G$63,0)),"Por definir")) | T16: 11 | U16: 3500000 | V16: Sin gestionar | W16: Coordinador de logística | X16: =IF(OR($B16="",$M16=""),"",WORKDAY($B16,IFERROR(INDEX(CONFIG!$D$4:$D$63,MATCH($M16,CONFIG!$A$4:$A$63,0)),3))) | Z16: =IF($B16="","",IF($Y16<>"",$Y16-$B16,TODAY()-$B16)) | AA16: =IF($B16="","",IF(IFERROR(INDEX(CONFIG!$L$4:$L$63,MATCH($V16,CONFIG!$K$4:$K$63,0)),"NO")="SÍ",IF(OR($Y16="",$X16=""),"Resuelta",IF($Y16>$X16,"Resuelta tarde","Resuelta a tiempo")),IF($X16="","Sin clasificar",IF(TODAY()>$X16,"Vencida",IF(TODAY()>=$X16-1,"Por vencer","En plazo")))))
A17: =IF($B17="","","N-"&TEXT(ROW()-3,"0000")) | B17: 46274 | C17: En ruta | D17: G-2416 | E17: =IF($C17="","",IF($D17="",IF($C17="Interna","Sin guía (interna)","FALTA GUÍA"),IF(COUNTIFS(ENVIOS!$A$4:$A$3003,$D17)=0,"NO EXISTE",IF(COUNTIFS(ENVIOS!$A$4:$A$3003,$D17)>1,"DUPLICADA","OK")))) | F17: =IF($D17="","",IFERROR(INDEX(ENVIOS!$B$4:$B$3003,MATCH($D17,ENVIOS!$A$4:$A$3003,0)),"—")) | G17: =IF($D17="","",IFERROR(INDEX(ENVIOS!$D$4:$D$3003,MATCH($D17,ENVIOS!$A$4:$A$3003,0)),"—")) | H17: =IF($D17="","",IFERROR(INDEX(ENVIOS!$E$4:$E$3003,MATCH($D17,ENVIOS!$A$4:$A$3003,0)),"—")) | I17: =IF($D17="","",IFERROR(INDEX(ENVIOS!$F$4:$F$3003,MATCH($D17,ENVIOS!$A$4:$A$3003,0)),"—")) | J17: =IF($D17="","",IFERROR(INDEX(ENVIOS!$G$4:$G$3003,MATCH($D17,ENVIOS!$A$4:$A$3003,0)),"—")) | K17: =IF($D17="","",IFERROR(INDEX(ENVIOS!$H$4:$H$3003,MATCH($D17,ENVIOS!$A$4:$A$3003,0)),"—")) | L17: =IF($D17="","",IFERROR(INDEX(ENVIOS!$C$4:$C$3003,MATCH($D17,ENVIOS!$A$4:$A$3003,0)),"")) | M17: Error en factura o precio | N17: =IF($M17="","",IFERROR(INDEX(CONFIG!$C$4:$C$63,MATCH($M17,CONFIG!$A$4:$A$63,0)),"Media")) | O17: =IF($M17="","",IF($C17="Interna","NO",IFERROR(INDEX(CONFIG!$E$4:$E$63,MATCH($M17,CONFIG!$A$4:$A$63,0)),"NO"))) | P17: Facturación y documentos | Q17: Error en facturación o precio | R17: =IF($Q17="","",IFERROR(INDEX(CONFIG!$H$4:$H$63,MATCH($Q17,CONFIG!$G$4:$G$63,0)),"Por definir")) | S17: =IF($Q17="","",IFERROR(INDEX(CONFIG!$I$4:$I$63,MATCH($Q17,CONFIG!$G$4:$G$63,0)),"Por definir")) | T17: 0 | U17: 210000 | V17: En gestión | W17: Facturación | X17: =IF(OR($B17="",$M17=""),"",WORKDAY($B17,IFERROR(INDEX(CONFIG!$D$4:$D$63,MATCH($M17,CONFIG!$A$4:$A$63,0)),3))) | Z17: =IF($B17="","",IF($Y17<>"",$Y17-$B17,TODAY()-$B17)) | AA17: =IF($B17="","",IF(IFERROR(INDEX(CONFIG!$L$4:$L$63,MATCH($V17,CONFIG!$K$4:$K$63,0)),"NO")="SÍ",IF(OR($Y17="",$X17=""),"Resuelta",IF($Y17>$X17,"Resuelta tarde","Resuelta a tiempo")),IF($X17="","Sin clasificar",IF(TODAY()>$X17,"Vencida",IF(TODAY()>=$X17-1,"Por vencer","En plazo"))))) | AC17: Diferencia de precio en dos referencias
A18: =IF($B18="","","N-"&TEXT(ROW()-3,"0000")) | B18: 46246 | C18: Interna | E18: =IF($C18="","",IF($D18="",IF($C18="Interna","Sin guía (interna)","FALTA GUÍA"),IF(COUNTIFS(ENVIOS!$A$4:$A$3003,$D18)=0,"NO EXISTE",IF(COUNTIFS(ENVIOS!$A$4:$A$3003,$D18)>1,"DUPLICADA","OK")))) | F18: =IF($D18="","",IFERROR(INDEX(ENVIOS!$B$4:$B$3003,MATCH($D18,ENVIOS!$A$4:$A$3003,0)),"—")) | G18: =IF($D18="","",IFERROR(INDEX(ENVIOS!$D$4:$D$3003,MATCH($D18,ENVIOS!$A$4:$A$3003,0)),"—")) | H18: =IF($D18="","",IFERROR(INDEX(ENVIOS!$E$4:$E$3003,MATCH($D18,ENVIOS!$A$4:$A$3003,0)),"—")) | I18: =IF($D18="","",IFERROR(INDEX(ENVIOS!$F$4:$F$3003,MATCH($D18,ENVIOS!$A$4:$A$3003,0)),"—")) | J18: =IF($D18="","",IFERROR(INDEX(ENVIOS!$G$4:$G$3003,MATCH($D18,ENVIOS!$A$4:$A$3003,0)),"—")) | K18: =IF($D18="","",IFERROR(INDEX(ENVIOS!$H$4:$H$3003,MATCH($D18,ENVIOS!$A$4:$A$3003,0)),"—")) | L18: =IF($D18="","",IFERROR(INDEX(ENVIOS!$C$4:$C$3003,MATCH($D18,ENVIOS!$A$4:$A$3003,0)),"")) | M18: Error de alistamiento detectado en bodega | N18: =IF($M18="","",IFERROR(INDEX(CONFIG!$C$4:$C$63,MATCH($M18,CONFIG!$A$4:$A$63,0)),"Media")) | O18: =IF($M18="","",IF($C18="Interna","NO",IFERROR(INDEX(CONFIG!$E$4:$E$63,MATCH($M18,CONFIG!$A$4:$A$63,0)),"NO"))) | P18: Alistamiento (picking) | Q18: Falta de espacio u orden en bodega | R18: =IF($Q18="","",IFERROR(INDEX(CONFIG!$H$4:$H$63,MATCH($Q18,CONFIG!$G$4:$G$63,0)),"Por definir")) | S18: =IF($Q18="","",IFERROR(INDEX(CONFIG!$I$4:$I$63,MATCH($Q18,CONFIG!$G$4:$G$63,0)),"Por definir")) | T18: 6 | U18: 0 | V18: Resuelta | W18: Jefe de bodega | X18: =IF(OR($B18="",$M18=""),"",WORKDAY($B18,IFERROR(INDEX(CONFIG!$D$4:$D$63,MATCH($M18,CONFIG!$A$4:$A$63,0)),3))) | Y18: 46247 | Z18: =IF($B18="","",IF($Y18<>"",$Y18-$B18,TODAY()-$B18)) | AA18: =IF($B18="","",IF(IFERROR(INDEX(CONFIG!$L$4:$L$63,MATCH($V18,CONFIG!$K$4:$K$63,0)),"NO")="SÍ",IF(OR($Y18="",$X18=""),"Resuelta",IF($Y18>$X18,"Resuelta tarde","Resuelta a tiempo")),IF($X18="","Sin clasificar",IF(TODAY()>$X18,"Vencida",IF(TODAY()>=$X18-1,"Por vencer","En plazo"))))) | AB18: Se reorganizó la zona de picking | AC18: Detectado antes de despachar: no llegó al cliente
A19: =IF($B19="","","N-"&TEXT(ROW()-3,"0000")) | B19: 46253 | C19: Interna | E19: =IF($C19="","",IF($D19="",IF($C19="Interna","Sin guía (interna)","FALTA GUÍA"),IF(COUNTIFS(ENVIOS!$A$4:$A$3003,$D19)=0,"NO EXISTE",IF(COUNTIFS(ENVIOS!$A$4:$A$3003,$D19)>1,"DUPLICADA","OK")))) | F19: =IF($D19="","",IFERROR(INDEX(ENVIOS!$B$4:$B$3003,MATCH($D19,ENVIOS!$A$4:$A$3003,0)),"—")) | G19: =IF($D19="","",IFERROR(INDEX(ENVIOS!$D$4:$D$3003,MATCH($D19,ENVIOS!$A$4:$A$3003,0)),"—")) | H19: =IF($D19="","",IFERROR(INDEX(ENVIOS!$E$4:$E$3003,MATCH($D19,ENVIOS!$A$4:$A$3003,0)),"—")) | I19: =IF($D19="","",IFERROR(INDEX(ENVIOS!$F$4:$F$3003,MATCH($D19,ENVIOS!$A$4:$A$3003,0)),"—")) | J19: =IF($D19="","",IFERROR(INDEX(ENVIOS!$G$4:$G$3003,MATCH($D19,ENVIOS!$A$4:$A$3003,0)),"—")) | K19: =IF($D19="","",IFERROR(INDEX(ENVIOS!$H$4:$H$3003,MATCH($D19,ENVIOS!$A$4:$A$3003,0)),"—")) | L19: =IF($D19="","",IFERROR(INDEX(ENVIOS!$C$4:$C$3003,MATCH($D19,ENVIOS!$A$4:$A$3003,0)),"")) | M19: Diferencia de inventario | N19: =IF($M19="","",IFERROR(INDEX(CONFIG!$C$4:$C$63,MATCH($M19,CONFIG!$A$4:$A$63,0)),"Media")) | O19: =IF($M19="","",IF($C19="Interna","NO",IFERROR(INDEX(CONFIG!$E$4:$E$63,MATCH($M19,CONFIG!$A$4:$A$63,0)),"NO"))) | P19: Almacenamiento | Q19: Inventario descuadrado | R19: =IF($Q19="","",IFERROR(INDEX(CONFIG!$H$4:$H$63,MATCH($Q19,CONFIG!$G$4:$G$63,0)),"Por definir")) | S19: =IF($Q19="","",IFERROR(INDEX(CONFIG!$I$4:$I$63,MATCH($Q19,CONFIG!$G$4:$G$63,0)),"Por definir")) | T19: 34 | U19: 1150000 | V19: En gestión | W19: Jefe de bodega | X19: =IF(OR($B19="",$M19=""),"",WORKDAY($B19,IFERROR(INDEX(CONFIG!$D$4:$D$63,MATCH($M19,CONFIG!$A$4:$A$63,0)),3))) | Z19: =IF($B19="","",IF($Y19<>"",$Y19-$B19,TODAY()-$B19)) | AA19: =IF($B19="","",IF(IFERROR(INDEX(CONFIG!$L$4:$L$63,MATCH($V19,CONFIG!$K$4:$K$63,0)),"NO")="SÍ",IF(OR($Y19="",$X19=""),"Resuelta",IF($Y19>$X19,"Resuelta tarde","Resuelta a tiempo")),IF($X19="","Sin clasificar",IF(TODAY()>$X19,"Vencida",IF(TODAY()>=$X19-1,"Por vencer","En plazo"))))) | AC19: Conteo cíclico de la zona B
A20: =IF($B20="","","N-"&TEXT(ROW()-3,"0000")) | B20: 46255 | C20: Interna | E20: =IF($C20="","",IF($D20="",IF($C20="Interna","Sin guía (interna)","FALTA GUÍA"),IF(COUNTIFS(ENVIOS!$A$4:$A$3003,$D20)=0,"NO EXISTE",IF(COUNTIFS(ENVIOS!$A$4:$A$3003,$D20)>1,"DUPLICADA","OK")))) | F20: =IF($D20="","",IFERROR(INDEX(ENVIOS!$B$4:$B$3003,MATCH($D20,ENVIOS!$A$4:$A$3003,0)),"—")) | G20: =IF($D20="","",IFERROR(INDEX(ENVIOS!$D$4:$D$3003,MATCH($D20,ENVIOS!$A$4:$A$3003,0)),"—")) | H20: =IF($D20="","",IFERROR(INDEX(ENVIOS!$E$4:$E$3003,MATCH($D20,ENVIOS!$A$4:$A$3003,0)),"—")) | I20: =IF($D20="","",IFERROR(INDEX(ENVIOS!$F$4:$F$3003,MATCH($D20,ENVIOS!$A$4:$A$3003,0)),"—")) | J20: =IF($D20="","",IFERROR(INDEX(ENVIOS!$G$4:$G$3003,MATCH($D20,ENVIOS!$A$4:$A$3003,0)),"—")) | K20: =IF($D20="","",IFERROR(INDEX(ENVIOS!$H$4:$H$3003,MATCH($D20,ENVIOS!$A$4:$A$3003,0)),"—")) | L20: =IF($D20="","",IFERROR(INDEX(ENVIOS!$C$4:$C$3003,MATCH($D20,ENVIOS!$A$4:$A$3003,0)),"")) | M20: Falla de equipo en bodega | N20: =IF($M20="","",IFERROR(INDEX(CONFIG!$C$4:$C$63,MATCH($M20,CONFIG!$A$4:$A$63,0)),"Media")) | O20: =IF($M20="","",IF($C20="Interna","NO",IFERROR(INDEX(CONFIG!$E$4:$E$63,MATCH($M20,CONFIG!$A$4:$A$63,0)),"NO"))) | P20: Cargue del vehículo | Q20: Equipo de bodega fuera de servicio | R20: =IF($Q20="","",IFERROR(INDEX(CONFIG!$H$4:$H$63,MATCH($Q20,CONFIG!$G$4:$G$63,0)),"Por definir")) | S20: =IF($Q20="","",IFERROR(INDEX(CONFIG!$I$4:$I$63,MATCH($Q20,CONFIG!$G$4:$G$63,0)),"Por definir")) | T20: 0 | U20: 480000 | V20: Resuelta | W20: Jefe de operaciones | X20: =IF(OR($B20="",$M20=""),"",WORKDAY($B20,IFERROR(INDEX(CONFIG!$D$4:$D$63,MATCH($M20,CONFIG!$A$4:$A$63,0)),3))) | Y20: 46258 | Z20: =IF($B20="","",IF($Y20<>"",$Y20-$B20,TODAY()-$B20)) | AA20: =IF($B20="","",IF(IFERROR(INDEX(CONFIG!$L$4:$L$63,MATCH($V20,CONFIG!$K$4:$K$63,0)),"NO")="SÍ",IF(OR($Y20="",$X20=""),"Resuelta",IF($Y20>$X20,"Resuelta tarde","Resuelta a tiempo")),IF($X20="","Sin clasificar",IF(TODAY()>$X20,"Vencida",IF(TODAY()>=$X20-1,"Por vencer","En plazo"))))) | AB20: Se reparó el montacargas | AC20: Dos días de cargue manual
A21: =IF($B21="","","N-"&TEXT(ROW()-3,"0000")) | B21: 46260 | C21: Interna | E21: =IF($C21="","",IF($D21="",IF($C21="Interna","Sin guía (interna)","FALTA GUÍA"),IF(COUNTIFS(ENVIOS!$A$4:$A$3003,$D21)=0,"NO EXISTE",IF(COUNTIFS(ENVIOS!$A$4:$A$3003,$D21)>1,"DUPLICADA","OK")))) | F21: =IF($D21="","",IFERROR(INDEX(ENVIOS!$B$4:$B$3003,MATCH($D21,ENVIOS!$A$4:$A$3003,0)),"—")) | G21: =IF($D21="","",IFERROR(INDEX(ENVIOS!$D$4:$D$3003,MATCH($D21,ENVIOS!$A$4:$A$3003,0)),"—")) | H21: =IF($D21="","",IFERROR(INDEX(ENVIOS!$E$4:$E$3003,MATCH($D21,ENVIOS!$A$4:$A$3003,0)),"—")) | I21: =IF($D21="","",IFERROR(INDEX(ENVIOS!$F$4:$F$3003,MATCH($D21,ENVIOS!$A$4:$A$3003,0)),"—")) | J21: =IF($D21="","",IFERROR(INDEX(ENVIOS!$G$4:$G$3003,MATCH($D21,ENVIOS!$A$4:$A$3003,0)),"—")) | K21: =IF($D21="","",IFERROR(INDEX(ENVIOS!$H$4:$H$3003,MATCH($D21,ENVIOS!$A$4:$A$3003,0)),"—")) | L21: =IF($D21="","",IFERROR(INDEX(ENVIOS!$C$4:$C$3003,MATCH($D21,ENVIOS!$A$4:$A$3003,0)),"")) | M21: Demora en el cargue | N21: =IF($M21="","",IFERROR(INDEX(CONFIG!$C$4:$C$63,MATCH($M21,CONFIG!$A$4:$A$63,0)),"Media")) | O21: =IF($M21="","",IF($C21="Interna","NO",IFERROR(INDEX(CONFIG!$E$4:$E$63,MATCH($M21,CONFIG!$A$4:$A$63,0)),"NO"))) | P21: Cargue del vehículo | Q21: Personal insuficiente en el turno | R21: =IF($Q21="","",IFERROR(INDEX(CONFIG!$H$4:$H$63,MATCH($Q21,CONFIG!$G$4:$G$63,0)),"Por definir")) | S21: =IF($Q21="","",IFERROR(INDEX(CONFIG!$I$4:$I$63,MATCH($Q21,CONFIG!$G$4:$G$63,0)),"Por definir")) | T21: 0 | U21: 0 | V21: Resuelta | W21: Jefe de operaciones | X21: =IF(OR($B21="",$M21=""),"",WORKDAY($B21,IFERROR(INDEX(CONFIG!$D$4:$D$63,MATCH($M21,CONFIG!$A$4:$A$63,0)),3))) | Y21: 46261 | Z21: =IF($B21="","",IF($Y21<>"",$Y21-$B21,TODAY()-$B21)) | AA21: =IF($B21="","",IF(IFERROR(INDEX(CONFIG!$L$4:$L$63,MATCH($V21,CONFIG!$K$4:$K$63,0)),"NO")="SÍ",IF(OR($Y21="",$X21=""),"Resuelta",IF($Y21>$X21,"Resuelta tarde","Resuelta a tiempo")),IF($X21="","Sin clasificar",IF(TODAY()>$X21,"Vencida",IF(TODAY()>=$X21-1,"Por vencer","En plazo"))))) | AB21: Se reforzó el turno de la mañana
A22: =IF($B22="","","N-"&TEXT(ROW()-3,"0000")) | B22: 46266 | C22: Interna | E22: =IF($C22="","",IF($D22="",IF($C22="Interna","Sin guía (interna)","FALTA GUÍA"),IF(COUNTIFS(ENVIOS!$A$4:$A$3003,$D22)=0,"NO EXISTE",IF(COUNTIFS(ENVIOS!$A$4:$A$3003,$D22)>1,"DUPLICADA","OK")))) | F22: =IF($D22="","",IFERROR(INDEX(ENVIOS!$B$4:$B$3003,MATCH($D22,ENVIOS!$A$4:$A$3003,0)),"—")) | G22: =IF($D22="","",IFERROR(INDEX(ENVIOS!$D$4:$D$3003,MATCH($D22,ENVIOS!$A$4:$A$3003,0)),"—")) | H22: =IF($D22="","",IFERROR(INDEX(ENVIOS!$E$4:$E$3003,MATCH($D22,ENVIOS!$A$4:$A$3003,0)),"—")) | I22: =IF($D22="","",IFERROR(INDEX(ENVIOS!$F$4:$F$3003,MATCH($D22,ENVIOS!$A$4:$A$3003,0)),"—")) | J22: =IF($D22="","",IFERROR(INDEX(ENVIOS!$G$4:$G$3003,MATCH($D22,ENVIOS!$A$4:$A$3003,0)),"—")) | K22: =IF($D22="","",IFERROR(INDEX(ENVIOS!$H$4:$H$3003,MATCH($D22,ENVIOS!$A$4:$A$3003,0)),"—")) | L22: =IF($D22="","",IFERROR(INDEX(ENVIOS!$C$4:$C$3003,MATCH($D22,ENVIOS!$A$4:$A$3003,0)),"")) | M22: Producto averiado en bodega | N22: =IF($M22="","",IFERROR(INDEX(CONFIG!$C$4:$C$63,MATCH($M22,CONFIG!$A$4:$A$63,0)),"Media")) | O22: =IF($M22="","",IF($C22="Interna","NO",IFERROR(INDEX(CONFIG!$E$4:$E$63,MATCH($M22,CONFIG!$A$4:$A$63,0)),"NO"))) | P22: Almacenamiento | Q22: Falta de espacio u orden en bodega | R22: =IF($Q22="","",IFERROR(INDEX(CONFIG!$H$4:$H$63,MATCH($Q22,CONFIG!$G$4:$G$63,0)),"Por definir")) | S22: =IF($Q22="","",IFERROR(INDEX(CONFIG!$I$4:$I$63,MATCH($Q22,CONFIG!$G$4:$G$63,0)),"Por definir")) | T22: 8 | U22: 2350000 | V22: En gestión | W22: Jefe de bodega | X22: =IF(OR($B22="",$M22=""),"",WORKDAY($B22,IFERROR(INDEX(CONFIG!$D$4:$D$63,MATCH($M22,CONFIG!$A$4:$A$63,0)),3))) | Z22: =IF($B22="","",IF($Y22<>"",$Y22-$B22,TODAY()-$B22)) | AA22: =IF($B22="","",IF(IFERROR(INDEX(CONFIG!$L$4:$L$63,MATCH($V22,CONFIG!$K$4:$K$63,0)),"NO")="SÍ",IF(OR($Y22="",$X22=""),"Resuelta",IF($Y22>$X22,"Resuelta tarde","Resuelta a tiempo")),IF($X22="","Sin clasificar",IF(TODAY()>$X22,"Vencida",IF(TODAY()>=$X22-1,"Por vencer","En plazo"))))) | AC22: Estiba mal apilada en la zona de tránsito
A23: =IF($B23="","","N-"&TEXT(ROW()-3,"0000")) | B23: 46268 | C23: Interna | E23: =IF($C23="","",IF($D23="",IF($C23="Interna","Sin guía (interna)","FALTA GUÍA"),IF(COUNTIFS(ENVIOS!$A$4:$A$3003,$D23)=0,"NO EXISTE",IF(COUNTIFS(ENVIOS!$A$4:$A$3003,$D23)>1,"DUPLICADA","OK")))) | F23: =IF($D23="","",IFERROR(INDEX(ENVIOS!$B$4:$B$3003,MATCH($D23,ENVIOS!$A$4:$A$3003,0)),"—")) | G23: =IF($D23="","",IFERROR(INDEX(ENVIOS!$D$4:$D$3003,MATCH($D23,ENVIOS!$A$4:$A$3003,0)),"—")) | H23: =IF($D23="","",IFERROR(INDEX(ENVIOS!$E$4:$E$3003,MATCH($D23,ENVIOS!$A$4:$A$3003,0)),"—")) | I23: =IF($D23="","",IFERROR(INDEX(ENVIOS!$F$4:$F$3003,MATCH($D23,ENVIOS!$A$4:$A$3003,0)),"—")) | J23: =IF($D23="","",IFERROR(INDEX(ENVIOS!$G$4:$G$3003,MATCH($D23,ENVIOS!$A$4:$A$3003,0)),"—")) | K23: =IF($D23="","",IFERROR(INDEX(ENVIOS!$H$4:$H$3003,MATCH($D23,ENVIOS!$A$4:$A$3003,0)),"—")) | L23: =IF($D23="","",IFERROR(INDEX(ENVIOS!$C$4:$C$3003,MATCH($D23,ENVIOS!$A$4:$A$3003,0)),"")) | M23: Demora en facturación o documentos | N23: =IF($M23="","",IFERROR(INDEX(CONFIG!$C$4:$C$63,MATCH($M23,CONFIG!$A$4:$A$63,0)),"Media")) | O23: =IF($M23="","",IF($C23="Interna","NO",IFERROR(INDEX(CONFIG!$E$4:$E$63,MATCH($M23,CONFIG!$A$4:$A$63,0)),"NO"))) | P23: Facturación y documentos | Q23: Documentación incompleta | R23: =IF($Q23="","",IFERROR(INDEX(CONFIG!$H$4:$H$63,MATCH($Q23,CONFIG!$G$4:$G$63,0)),"Por definir")) | S23: =IF($Q23="","",IFERROR(INDEX(CONFIG!$I$4:$I$63,MATCH($Q23,CONFIG!$G$4:$G$63,0)),"Por definir")) | T23: 0 | U23: 0 | V23: Resuelta | W23: Facturación | X23: =IF(OR($B23="",$M23=""),"",WORKDAY($B23,IFERROR(INDEX(CONFIG!$D$4:$D$63,MATCH($M23,CONFIG!$A$4:$A$63,0)),3))) | Y23: 46269 | Z23: =IF($B23="","",IF($Y23<>"",$Y23-$B23,TODAY()-$B23)) | AA23: =IF($B23="","",IF(IFERROR(INDEX(CONFIG!$L$4:$L$63,MATCH($V23,CONFIG!$K$4:$K$63,0)),"NO")="SÍ",IF(OR($Y23="",$X23=""),"Resuelta",IF($Y23>$X23,"Resuelta tarde","Resuelta a tiempo")),IF($X23="","Sin clasificar",IF(TODAY()>$X23,"Vencida",IF(TODAY()>=$X23-1,"Por vencer","En plazo"))))) | AB23: Se completaron los soportes
A24: =IF($B24="","","N-"&TEXT(ROW()-3,"0000")) | B24: 46272 | C24: Interna | E24: =IF($C24="","",IF($D24="",IF($C24="Interna","Sin guía (interna)","FALTA GUÍA"),IF(COUNTIFS(ENVIOS!$A$4:$A$3003,$D24)=0,"NO EXISTE",IF(COUNTIFS(ENVIOS!$A$4:$A$3003,$D24)>1,"DUPLICADA","OK")))) | F24: =IF($D24="","",IFERROR(INDEX(ENVIOS!$B$4:$B$3003,MATCH($D24,ENVIOS!$A$4:$A$3003,0)),"—")) | G24: =IF($D24="","",IFERROR(INDEX(ENVIOS!$D$4:$D$3003,MATCH($D24,ENVIOS!$A$4:$A$3003,0)),"—")) | H24: =IF($D24="","",IFERROR(INDEX(ENVIOS!$E$4:$E$3003,MATCH($D24,ENVIOS!$A$4:$A$3003,0)),"—")) | I24: =IF($D24="","",IFERROR(INDEX(ENVIOS!$F$4:$F$3003,MATCH($D24,ENVIOS!$A$4:$A$3003,0)),"—")) | J24: =IF($D24="","",IFERROR(INDEX(ENVIOS!$G$4:$G$3003,MATCH($D24,ENVIOS!$A$4:$A$3003,0)),"—")) | K24: =IF($D24="","",IFERROR(INDEX(ENVIOS!$H$4:$H$3003,MATCH($D24,ENVIOS!$A$4:$A$3003,0)),"—")) | L24: =IF($D24="","",IFERROR(INDEX(ENVIOS!$C$4:$C$3003,MATCH($D24,ENVIOS!$A$4:$A$3003,0)),"")) | M24: Devolución recibida sin soporte | N24: =IF($M24="","",IFERROR(INDEX(CONFIG!$C$4:$C$63,MATCH($M24,CONFIG!$A$4:$A$63,0)),"Media")) | O24: =IF($M24="","",IF($C24="Interna","NO",IFERROR(INDEX(CONFIG!$E$4:$E$63,MATCH($M24,CONFIG!$A$4:$A$63,0)),"NO"))) | P24: Bodega de devoluciones | Q24: Procedimiento no seguido | R24: =IF($Q24="","",IFERROR(INDEX(CONFIG!$H$4:$H$63,MATCH($Q24,CONFIG!$G$4:$G$63,0)),"Por definir")) | S24: =IF($Q24="","",IFERROR(INDEX(CONFIG!$I$4:$I$63,MATCH($Q24,CONFIG!$G$4:$G$63,0)),"Por definir")) | T24: 5 | U24: 720000 | V24: Sin gestionar | W24: Jefe de bodega | X24: =IF(OR($B24="",$M24=""),"",WORKDAY($B24,IFERROR(INDEX(CONFIG!$D$4:$D$63,MATCH($M24,CONFIG!$A$4:$A$63,0)),3))) | Z24: =IF($B24="","",IF($Y24<>"",$Y24-$B24,TODAY()-$B24)) | AA24: =IF($B24="","",IF(IFERROR(INDEX(CONFIG!$L$4:$L$63,MATCH($V24,CONFIG!$K$4:$K$63,0)),"NO")="SÍ",IF(OR($Y24="",$X24=""),"Resuelta",IF($Y24>$X24,"Resuelta tarde","Resuelta a tiempo")),IF($X24="","Sin clasificar",IF(TODAY()>$X24,"Vencida",IF(TODAY()>=$X24-1,"Por vencer","En plazo"))))) | AC24: Llegó sin la remisión de retorno
A25: =IF($B25="","","N-"&TEXT(ROW()-3,"0000")) | B25: 46273 | C25: Interna | E25: =IF($C25="","",IF($D25="",IF($C25="Interna","Sin guía (interna)","FALTA GUÍA"),IF(COUNTIFS(ENVIOS!$A$4:$A$3003,$D25)=0,"NO EXISTE",IF(COUNTIFS(ENVIOS!$A$4:$A$3003,$D25)>1,"DUPLICADA","OK")))) | F25: =IF($D25="","",IFERROR(INDEX(ENVIOS!$B$4:$B$3003,MATCH($D25,ENVIOS!$A$4:$A$3003,0)),"—")) | G25: =IF($D25="","",IFERROR(INDEX(ENVIOS!$D$4:$D$3003,MATCH($D25,ENVIOS!$A$4:$A$3003,0)),"—")) | H25: =IF($D25="","",IFERROR(INDEX(ENVIOS!$E$4:$E$3003,MATCH($D25,ENVIOS!$A$4:$A$3003,0)),"—")) | I25: =IF($D25="","",IFERROR(INDEX(ENVIOS!$F$4:$F$3003,MATCH($D25,ENVIOS!$A$4:$A$3003,0)),"—")) | J25: =IF($D25="","",IFERROR(INDEX(ENVIOS!$G$4:$G$3003,MATCH($D25,ENVIOS!$A$4:$A$3003,0)),"—")) | K25: =IF($D25="","",IFERROR(INDEX(ENVIOS!$H$4:$H$3003,MATCH($D25,ENVIOS!$A$4:$A$3003,0)),"—")) | L25: =IF($D25="","",IFERROR(INDEX(ENVIOS!$C$4:$C$3003,MATCH($D25,ENVIOS!$A$4:$A$3003,0)),"")) | M25: Incidente de seguridad o accidente laboral | N25: =IF($M25="","",IFERROR(INDEX(CONFIG!$C$4:$C$63,MATCH($M25,CONFIG!$A$4:$A$63,0)),"Media")) | O25: =IF($M25="","",IF($C25="Interna","NO",IFERROR(INDEX(CONFIG!$E$4:$E$63,MATCH($M25,CONFIG!$A$4:$A$63,0)),"NO"))) | P25: Patio / zona de maniobras | Q25: Procedimiento no seguido | R25: =IF($Q25="","",IFERROR(INDEX(CONFIG!$H$4:$H$63,MATCH($Q25,CONFIG!$G$4:$G$63,0)),"Por definir")) | S25: =IF($Q25="","",IFERROR(INDEX(CONFIG!$I$4:$I$63,MATCH($Q25,CONFIG!$G$4:$G$63,0)),"Por definir")) | T25: 0 | U25: 0 | V25: En gestión | W25: Seguridad y salud | X25: =IF(OR($B25="",$M25=""),"",WORKDAY($B25,IFERROR(INDEX(CONFIG!$D$4:$D$63,MATCH($M25,CONFIG!$A$4:$A$63,0)),3))) | Z25: =IF($B25="","",IF($Y25<>"",$Y25-$B25,TODAY()-$B25)) | AA25: =IF($B25="","",IF(IFERROR(INDEX(CONFIG!$L$4:$L$63,MATCH($V25,CONFIG!$K$4:$K$63,0)),"NO")="SÍ",IF(OR($Y25="",$X25=""),"Resuelta",IF($Y25>$X25,"Resuelta tarde","Resuelta a tiempo")),IF($X25="","Sin clasificar",IF(TODAY()>$X25,"Vencida",IF(TODAY()>=$X25-1,"Por vencer","En plazo"))))) | AC25: Golpe leve durante maniobra; se abrió investigación
A26: =IF($B26="","","N-"&TEXT(ROW()-3,"0000")) | E26: =IF($C26="","",IF($D26="",IF($C26="Interna","Sin guía (interna)","FALTA GUÍA"),IF(COUNTIFS(ENVIOS!$A$4:$A$3003,$D26)=0,"NO EXISTE",IF(COUNTIFS(ENVIOS!$A$4:$A$3003,$D26)>1,"DUPLICADA","OK")))) | F26: =IF($D26="","",IFERROR(INDEX(ENVIOS!$B$4:$B$3003,MATCH($D26,ENVIOS!$A$4:$A$3003,0)),"—")) | G26: =IF($D26="","",IFERROR(INDEX(ENVIOS!$D$4:$D$3003,MATCH($D26,ENVIOS!$A$4:$A$3003,0)),"—")) | H26: =IF($D26="","",IFERROR(INDEX(ENVIOS!$E$4:$E$3003,MATCH($D26,ENVIOS!$A$4:$A$3003,0)),"—")) | I26: =IF($D26="","",IFERROR(INDEX(ENVIOS!$F$4:$F$3003,MATCH($D26,ENVIOS!$A$4:$A$3003,0)),"—")) | J26: =IF($D26="","",IFERROR(INDEX(ENVIOS!$G$4:$G$3003,MATCH($D26,ENVIOS!$A$4:$A$3003,0)),"—")) | K26: =IF($D26="","",IFERROR(INDEX(ENVIOS!$H$4:$H$3003,MATCH($D26,ENVIOS!$A$4:$A$3003,0)),"—")) | L26: =IF($D26="","",IFERROR(INDEX(ENVIOS!$C$4:$C$3003,MATCH($D26,ENVIOS!$A$4:$A$3003,0)),"")) | N26: =IF($M26="","",IFERROR(INDEX(CONFIG!$C$4:$C$63,MATCH($M26,CONFIG!$A$4:$A$63,0)),"Media")) | O26: =IF($M26="","",IF($C26="Interna","NO",IFERROR(INDEX(CONFIG!$E$4:$E$63,MATCH($M26,CONFIG!$A$4:$A$63,0)),"NO"))) | R26: =IF($Q26="","",IFERROR(INDEX(CONFIG!$H$4:$H$63,MATCH($Q26,CONFIG!$G$4:$G$63,0)),"Por definir")) | S26: =IF($Q26="","",IFERROR(INDEX(CONFIG!$I$4:$I$63,MATCH($Q26,CONFIG!$G$4:$G$63,0)),"Por definir")) | X26: =IF(OR($B26="",$M26=""),"",WORKDAY($B26,IFERROR(INDEX(CONFIG!$D$4:$D$63,MATCH($M26,CONFIG!$A$4:$A$63,0)),3))) | Z26: =IF($B26="","",IF($Y26<>"",$Y26-$B26,TODAY()-$B26)) | AA26: =IF($B26="","",IF(IFERROR(INDEX(CONFIG!$L$4:$L$63,MATCH($V26,CONFIG!$K$4:$K$63,0)),"NO")="SÍ",IF(OR($Y26="",$X26=""),"Resuelta",IF($Y26>$X26,"Resuelta tarde","Resuelta a tiempo")),IF($X26="","Sin clasificar",IF(TODAY()>$X26,"Vencida",IF(TODAY()>=$X26-1,"Por vencer","En plazo")))))
A27: =IF($B27="","","N-"&TEXT(ROW()-3,"0000")) | E27: =IF($C27="","",IF($D27="",IF($C27="Interna","Sin guía (interna)","FALTA GUÍA"),IF(COUNTIFS(ENVIOS!$A$4:$A$3003,$D27)=0,"NO EXISTE",IF(COUNTIFS(ENVIOS!$A$4:$A$3003,$D27)>1,"DUPLICADA","OK")))) | F27: =IF($D27="","",IFERROR(INDEX(ENVIOS!$B$4:$B$3003,MATCH($D27,ENVIOS!$A$4:$A$3003,0)),"—")) | G27: =IF($D27="","",IFERROR(INDEX(ENVIOS!$D$4:$D$3003,MATCH($D27,ENVIOS!$A$4:$A$3003,0)),"—")) | H27: =IF($D27="","",IFERROR(INDEX(ENVIOS!$E$4:$E$3003,MATCH($D27,ENVIOS!$A$4:$A$3003,0)),"—")) | I27: =IF($D27="","",IFERROR(INDEX(ENVIOS!$F$4:$F$3003,MATCH($D27,ENVIOS!$A$4:$A$3003,0)),"—")) | J27: =IF($D27="","",IFERROR(INDEX(ENVIOS!$G$4:$G$3003,MATCH($D27,ENVIOS!$A$4:$A$3003,0)),"—")) | K27: =IF($D27="","",IFERROR(INDEX(ENVIOS!$H$4:$H$3003,MATCH($D27,ENVIOS!$A$4:$A$3003,0)),"—")) | L27: =IF($D27="","",IFERROR(INDEX(ENVIOS!$C$4:$C$3003,MATCH($D27,ENVIOS!$A$4:$A$3003,0)),"")) | N27: =IF($M27="","",IFERROR(INDEX(CONFIG!$C$4:$C$63,MATCH($M27,CONFIG!$A$4:$A$63,0)),"Media")) | O27: =IF($M27="","",IF($C27="Interna","NO",IFERROR(INDEX(CONFIG!$E$4:$E$63,MATCH($M27,CONFIG!$A$4:$A$63,0)),"NO"))) | R27: =IF($Q27="","",IFERROR(INDEX(CONFIG!$H$4:$H$63,MATCH($Q27,CONFIG!$G$4:$G$63,0)),"Por definir")) | S27: =IF($Q27="","",IFERROR(INDEX(CONFIG!$I$4:$I$63,MATCH($Q27,CONFIG!$G$4:$G$63,0)),"Por definir")) | X27: =IF(OR($B27="",$M27=""),"",WORKDAY($B27,IFERROR(INDEX(CONFIG!$D$4:$D$63,MATCH($M27,CONFIG!$A$4:$A$63,0)),3))) | Z27: =IF($B27="","",IF($Y27<>"",$Y27-$B27,TODAY()-$B27)) | AA27: =IF($B27="","",IF(IFERROR(INDEX(CONFIG!$L$4:$L$63,MATCH($V27,CONFIG!$K$4:$K$63,0)),"NO")="SÍ",IF(OR($Y27="",$X27=""),"Resuelta",IF($Y27>$X27,"Resuelta tarde","Resuelta a tiempo")),IF($X27="","Sin clasificar",IF(TODAY()>$X27,"Vencida",IF(TODAY()>=$X27-1,"Por vencer","En plazo")))))
A28: =IF($B28="","","N-"&TEXT(ROW()-3,"0000")) | E28: =IF($C28="","",IF($D28="",IF($C28="Interna","Sin guía (interna)","FALTA GUÍA"),IF(COUNTIFS(ENVIOS!$A$4:$A$3003,$D28)=0,"NO EXISTE",IF(COUNTIFS(ENVIOS!$A$4:$A$3003,$D28)>1,"DUPLICADA","OK")))) | F28: =IF($D28="","",IFERROR(INDEX(ENVIOS!$B$4:$B$3003,MATCH($D28,ENVIOS!$A$4:$A$3003,0)),"—")) | G28: =IF($D28="","",IFERROR(INDEX(ENVIOS!$D$4:$D$3003,MATCH($D28,ENVIOS!$A$4:$A$3003,0)),"—")) | H28: =IF($D28="","",IFERROR(INDEX(ENVIOS!$E$4:$E$3003,MATCH($D28,ENVIOS!$A$4:$A$3003,0)),"—")) | I28: =IF($D28="","",IFERROR(INDEX(ENVIOS!$F$4:$F$3003,MATCH($D28,ENVIOS!$A$4:$A$3003,0)),"—")) | J28: =IF($D28="","",IFERROR(INDEX(ENVIOS!$G$4:$G$3003,MATCH($D28,ENVIOS!$A$4:$A$3003,0)),"—")) | K28: =IF($D28="","",IFERROR(INDEX(ENVIOS!$H$4:$H$3003,MATCH($D28,ENVIOS!$A$4:$A$3003,0)),"—")) | L28: =IF($D28="","",IFERROR(INDEX(ENVIOS!$C$4:$C$3003,MATCH($D28,ENVIOS!$A$4:$A$3003,0)),"")) | N28: =IF($M28="","",IFERROR(INDEX(CONFIG!$C$4:$C$63,MATCH($M28,CONFIG!$A$4:$A$63,0)),"Media")) | O28: =IF($M28="","",IF($C28="Interna","NO",IFERROR(INDEX(CONFIG!$E$4:$E$63,MATCH($M28,CONFIG!$A$4:$A$63,0)),"NO"))) | R28: =IF($Q28="","",IFERROR(INDEX(CONFIG!$H$4:$H$63,MATCH($Q28,CONFIG!$G$4:$G$63,0)),"Por definir")) | S28: =IF($Q28="","",IFERROR(INDEX(CONFIG!$I$4:$I$63,MATCH($Q28,CONFIG!$G$4:$G$63,0)),"Por definir")) | X28: =IF(OR($B28="",$M28=""),"",WORKDAY($B28,IFERROR(INDEX(CONFIG!$D$4:$D$63,MATCH($M28,CONFIG!$A$4:$A$63,0)),3))) | Z28: =IF($B28="","",IF($Y28<>"",$Y28-$B28,TODAY()-$B28)) | AA28: =IF($B28="","",IF(IFERROR(INDEX(CONFIG!$L$4:$L$63,MATCH($V28,CONFIG!$K$4:$K$63,0)),"NO")="SÍ",IF(OR($Y28="",$X28=""),"Resuelta",IF($Y28>$X28,"Resuelta tarde","Resuelta a tiempo")),IF($X28="","Sin clasificar",IF(TODAY()>$X28,"Vencida",IF(TODAY()>=$X28-1,"Por vencer","En plazo")))))
A29: =IF($B29="","","N-"&TEXT(ROW()-3,"0000")) | E29: =IF($C29="","",IF($D29="",IF($C29="Interna","Sin guía (interna)","FALTA GUÍA"),IF(COUNTIFS(ENVIOS!$A$4:$A$3003,$D29)=0,"NO EXISTE",IF(COUNTIFS(ENVIOS!$A$4:$A$3003,$D29)>1,"DUPLICADA","OK")))) | F29: =IF($D29="","",IFERROR(INDEX(ENVIOS!$B$4:$B$3003,MATCH($D29,ENVIOS!$A$4:$A$3003,0)),"—")) | G29: =IF($D29="","",IFERROR(INDEX(ENVIOS!$D$4:$D$3003,MATCH($D29,ENVIOS!$A$4:$A$3003,0)),"—")) | H29: =IF($D29="","",IFERROR(INDEX(ENVIOS!$E$4:$E$3003,MATCH($D29,ENVIOS!$A$4:$A$3003,0)),"—")) | I29: =IF($D29="","",IFERROR(INDEX(ENVIOS!$F$4:$F$3003,MATCH($D29,ENVIOS!$A$4:$A$3003,0)),"—")) | J29: =IF($D29="","",IFERROR(INDEX(ENVIOS!$G$4:$G$3003,MATCH($D29,ENVIOS!$A$4:$A$3003,0)),"—")) | K29: =IF($D29="","",IFERROR(INDEX(ENVIOS!$H$4:$H$3003,MATCH($D29,ENVIOS!$A$4:$A$3003,0)),"—")) | L29: =IF($D29="","",IFERROR(INDEX(ENVIOS!$C$4:$C$3003,MATCH($D29,ENVIOS!$A$4:$A$3003,0)),"")) | N29: =IF($M29="","",IFERROR(INDEX(CONFIG!$C$4:$C$63,MATCH($M29,CONFIG!$A$4:$A$63,0)),"Media")) | O29: =IF($M29="","",IF($C29="Interna","NO",IFERROR(INDEX(CONFIG!$E$4:$E$63,MATCH($M29,CONFIG!$A$4:$A$63,0)),"NO"))) | R29: =IF($Q29="","",IFERROR(INDEX(CONFIG!$H$4:$H$63,MATCH($Q29,CONFIG!$G$4:$G$63,0)),"Por definir")) | S29: =IF($Q29="","",IFERROR(INDEX(CONFIG!$I$4:$I$63,MATCH($Q29,CONFIG!$G$4:$G$63,0)),"Por definir")) | X29: =IF(OR($B29="",$M29=""),"",WORKDAY($B29,IFERROR(INDEX(CONFIG!$D$4:$D$63,MATCH($M29,CONFIG!$A$4:$A$63,0)),3))) | Z29: =IF($B29="","",IF($Y29<>"",$Y29-$B29,TODAY()-$B29)) | AA29: =IF($B29="","",IF(IFERROR(INDEX(CONFIG!$L$4:$L$63,MATCH($V29,CONFIG!$K$4:$K$63,0)),"NO")="SÍ",IF(OR($Y29="",$X29=""),"Resuelta",IF($Y29>$X29,"Resuelta tarde","Resuelta a tiempo")),IF($X29="","Sin clasificar",IF(TODAY()>$X29,"Vencida",IF(TODAY()>=$X29-1,"Por vencer","En plazo")))))
A30: =IF($B30="","","N-"&TEXT(ROW()-3,"0000")) | E30: =IF($C30="","",IF($D30="",IF($C30="Interna","Sin guía (interna)","FALTA GUÍA"),IF(COUNTIFS(ENVIOS!$A$4:$A$3003,$D30)=0,"NO EXISTE",IF(COUNTIFS(ENVIOS!$A$4:$A$3003,$D30)>1,"DUPLICADA","OK")))) | F30: =IF($D30="","",IFERROR(INDEX(ENVIOS!$B$4:$B$3003,MATCH($D30,ENVIOS!$A$4:$A$3003,0)),"—")) | G30: =IF($D30="","",IFERROR(INDEX(ENVIOS!$D$4:$D$3003,MATCH($D30,ENVIOS!$A$4:$A$3003,0)),"—")) | H30: =IF($D30="","",IFERROR(INDEX(ENVIOS!$E$4:$E$3003,MATCH($D30,ENVIOS!$A$4:$A$3003,0)),"—")) | I30: =IF($D30="","",IFERROR(INDEX(ENVIOS!$F$4:$F$3003,MATCH($D30,ENVIOS!$A$4:$A$3003,0)),"—")) | J30: =IF($D30="","",IFERROR(INDEX(ENVIOS!$G$4:$G$3003,MATCH($D30,ENVIOS!$A$4:$A$3003,0)),"—")) | K30: =IF($D30="","",IFERROR(INDEX(ENVIOS!$H$4:$H$3003,MATCH($D30,ENVIOS!$A$4:$A$3003,0)),"—")) | L30: =IF($D30="","",IFERROR(INDEX(ENVIOS!$C$4:$C$3003,MATCH($D30,ENVIOS!$A$4:$A$3003,0)),"")) | N30: =IF($M30="","",IFERROR(INDEX(CONFIG!$C$4:$C$63,MATCH($M30,CONFIG!$A$4:$A$63,0)),"Media")) | O30: =IF($M30="","",IF($C30="Interna","NO",IFERROR(INDEX(CONFIG!$E$4:$E$63,MATCH($M30,CONFIG!$A$4:$A$63,0)),"NO"))) | R30: =IF($Q30="","",IFERROR(INDEX(CONFIG!$H$4:$H$63,MATCH($Q30,CONFIG!$G$4:$G$63,0)),"Por definir")) | S30: =IF($Q30="","",IFERROR(INDEX(CONFIG!$I$4:$I$63,MATCH($Q30,CONFIG!$G$4:$G$63,0)),"Por definir")) | X30: =IF(OR($B30="",$M30=""),"",WORKDAY($B30,IFERROR(INDEX(CONFIG!$D$4:$D$63,MATCH($M30,CONFIG!$A$4:$A$63,0)),3))) | Z30: =IF($B30="","",IF($Y30<>"",$Y30-$B30,TODAY()-$B30)) | AA30: =IF($B30="","",IF(IFERROR(INDEX(CONFIG!$L$4:$L$63,MATCH($V30,CONFIG!$K$4:$K$63,0)),"NO")="SÍ",IF(OR($Y30="",$X30=""),"Resuelta",IF($Y30>$X30,"Resuelta tarde","Resuelta a tiempo")),IF($X30="","Sin clasificar",IF(TODAY()>$X30,"Vencida",IF(TODAY()>=$X30-1,"Por vencer","En plazo")))))
A31: =IF($B31="","","N-"&TEXT(ROW()-3,"0000")) | E31: =IF($C31="","",IF($D31="",IF($C31="Interna","Sin guía (interna)","FALTA GUÍA"),IF(COUNTIFS(ENVIOS!$A$4:$A$3003,$D31)=0,"NO EXISTE",IF(COUNTIFS(ENVIOS!$A$4:$A$3003,$D31)>1,"DUPLICADA","OK")))) | F31: =IF($D31="","",IFERROR(INDEX(ENVIOS!$B$4:$B$3003,MATCH($D31,ENVIOS!$A$4:$A$3003,0)),"—")) | G31: =IF($D31="","",IFERROR(INDEX(ENVIOS!$D$4:$D$3003,MATCH($D31,ENVIOS!$A$4:$A$3003,0)),"—")) | H31: =IF($D31="","",IFERROR(INDEX(ENVIOS!$E$4:$E$3003,MATCH($D31,ENVIOS!$A$4:$A$3003,0)),"—")) | I31: =IF($D31="","",IFERROR(INDEX(ENVIOS!$F$4:$F$3003,MATCH($D31,ENVIOS!$A$4:$A$3003,0)),"—")) | J31: =IF($D31="","",IFERROR(INDEX(ENVIOS!$G$4:$G$3003,MATCH($D31,ENVIOS!$A$4:$A$3003,0)),"—")) | K31: =IF($D31="","",IFERROR(INDEX(ENVIOS!$H$4:$H$3003,MATCH($D31,ENVIOS!$A$4:$A$3003,0)),"—")) | L31: =IF($D31="","",IFERROR(INDEX(ENVIOS!$C$4:$C$3003,MATCH($D31,ENVIOS!$A$4:$A$3003,0)),"")) | N31: =IF($M31="","",IFERROR(INDEX(CONFIG!$C$4:$C$63,MATCH($M31,CONFIG!$A$4:$A$63,0)),"Media")) | O31: =IF($M31="","",IF($C31="Interna","NO",IFERROR(INDEX(CONFIG!$E$4:$E$63,MATCH($M31,CONFIG!$A$4:$A$63,0)),"NO"))) | R31: =IF($Q31="","",IFERROR(INDEX(CONFIG!$H$4:$H$63,MATCH($Q31,CONFIG!$G$4:$G$63,0)),"Por definir")) | S31: =IF($Q31="","",IFERROR(INDEX(CONFIG!$I$4:$I$63,MATCH($Q31,CONFIG!$G$4:$G$63,0)),"Por definir")) | X31: =IF(OR($B31="",$M31=""),"",WORKDAY($B31,IFERROR(INDEX(CONFIG!$D$4:$D$63,MATCH($M31,CONFIG!$A$4:$A$63,0)),3))) | Z31: =IF($B31="","",IF($Y31<>"",$Y31-$B31,TODAY()-$B31)) | AA31: =IF($B31="","",IF(IFERROR(INDEX(CONFIG!$L$4:$L$63,MATCH($V31,CONFIG!$K$4:$K$63,0)),"NO")="SÍ",IF(OR($Y31="",$X31=""),"Resuelta",IF($Y31>$X31,"Resuelta tarde","Resuelta a tiempo")),IF($X31="","Sin clasificar",IF(TODAY()>$X31,"Vencida",IF(TODAY()>=$X31-1,"Por vencer","En plazo")))))
A32: =IF($B32="","","N-"&TEXT(ROW()-3,"0000")) | E32: =IF($C32="","",IF($D32="",IF($C32="Interna","Sin guía (interna)","FALTA GUÍA"),IF(COUNTIFS(ENVIOS!$A$4:$A$3003,$D32)=0,"NO EXISTE",IF(COUNTIFS(ENVIOS!$A$4:$A$3003,$D32)>1,"DUPLICADA","OK")))) | F32: =IF($D32="","",IFERROR(INDEX(ENVIOS!$B$4:$B$3003,MATCH($D32,ENVIOS!$A$4:$A$3003,0)),"—")) | G32: =IF($D32="","",IFERROR(INDEX(ENVIOS!$D$4:$D$3003,MATCH($D32,ENVIOS!$A$4:$A$3003,0)),"—")) | H32: =IF($D32="","",IFERROR(INDEX(ENVIOS!$E$4:$E$3003,MATCH($D32,ENVIOS!$A$4:$A$3003,0)),"—")) | I32: =IF($D32="","",IFERROR(INDEX(ENVIOS!$F$4:$F$3003,MATCH($D32,ENVIOS!$A$4:$A$3003,0)),"—")) | J32: =IF($D32="","",IFERROR(INDEX(ENVIOS!$G$4:$G$3003,MATCH($D32,ENVIOS!$A$4:$A$3003,0)),"—")) | K32: =IF($D32="","",IFERROR(INDEX(ENVIOS!$H$4:$H$3003,MATCH($D32,ENVIOS!$A$4:$A$3003,0)),"—")) | L32: =IF($D32="","",IFERROR(INDEX(ENVIOS!$C$4:$C$3003,MATCH($D32,ENVIOS!$A$4:$A$3003,0)),"")) | N32: =IF($M32="","",IFERROR(INDEX(CONFIG!$C$4:$C$63,MATCH($M32,CONFIG!$A$4:$A$63,0)),"Media")) | O32: =IF($M32="","",IF($C32="Interna","NO",IFERROR(INDEX(CONFIG!$E$4:$E$63,MATCH($M32,CONFIG!$A$4:$A$63,0)),"NO"))) | R32: =IF($Q32="","",IFERROR(INDEX(CONFIG!$H$4:$H$63,MATCH($Q32,CONFIG!$G$4:$G$63,0)),"Por definir")) | S32: =IF($Q32="","",IFERROR(INDEX(CONFIG!$I$4:$I$63,MATCH($Q32,CONFIG!$G$4:$G$63,0)),"Por definir")) | X32: =IF(OR($B32="",$M32=""),"",WORKDAY($B32,IFERROR(INDEX(CONFIG!$D$4:$D$63,MATCH($M32,CONFIG!$A$4:$A$63,0)),3))) | Z32: =IF($B32="","",IF($Y32<>"",$Y32-$B32,TODAY()-$B32)) | AA32: =IF($B32="","",IF(IFERROR(INDEX(CONFIG!$L$4:$L$63,MATCH($V32,CONFIG!$K$4:$K$63,0)),"NO")="SÍ",IF(OR($Y32="",$X32=""),"Resuelta",IF($Y32>$X32,"Resuelta tarde","Resuelta a tiempo")),IF($X32="","Sin clasificar",IF(TODAY()>$X32,"Vencida",IF(TODAY()>=$X32-1,"Por vencer","En plazo")))))
A33: =IF($B33="","","N-"&TEXT(ROW()-3,"0000")) | E33: =IF($C33="","",IF($D33="",IF($C33="Interna","Sin guía (interna)","FALTA GUÍA"),IF(COUNTIFS(ENVIOS!$A$4:$A$3003,$D33)=0,"NO EXISTE",IF(COUNTIFS(ENVIOS!$A$4:$A$3003,$D33)>1,"DUPLICADA","OK")))) | F33: =IF($D33="","",IFERROR(INDEX(ENVIOS!$B$4:$B$3003,MATCH($D33,ENVIOS!$A$4:$A$3003,0)),"—")) | G33: =IF($D33="","",IFERROR(INDEX(ENVIOS!$D$4:$D$3003,MATCH($D33,ENVIOS!$A$4:$A$3003,0)),"—")) | H33: =IF($D33="","",IFERROR(INDEX(ENVIOS!$E$4:$E$3003,MATCH($D33,ENVIOS!$A$4:$A$3003,0)),"—")) | I33: =IF($D33="","",IFERROR(INDEX(ENVIOS!$F$4:$F$3003,MATCH($D33,ENVIOS!$A$4:$A$3003,0)),"—")) | J33: =IF($D33="","",IFERROR(INDEX(ENVIOS!$G$4:$G$3003,MATCH($D33,ENVIOS!$A$4:$A$3003,0)),"—")) | K33: =IF($D33="","",IFERROR(INDEX(ENVIOS!$H$4:$H$3003,MATCH($D33,ENVIOS!$A$4:$A$3003,0)),"—")) | L33: =IF($D33="","",IFERROR(INDEX(ENVIOS!$C$4:$C$3003,MATCH($D33,ENVIOS!$A$4:$A$3003,0)),"")) | N33: =IF($M33="","",IFERROR(INDEX(CONFIG!$C$4:$C$63,MATCH($M33,CONFIG!$A$4:$A$63,0)),"Media")) | O33: =IF($M33="","",IF($C33="Interna","NO",IFERROR(INDEX(CONFIG!$E$4:$E$63,MATCH($M33,CONFIG!$A$4:$A$63,0)),"NO"))) | R33: =IF($Q33="","",IFERROR(INDEX(CONFIG!$H$4:$H$63,MATCH($Q33,CONFIG!$G$4:$G$63,0)),"Por definir")) | S33: =IF($Q33="","",IFERROR(INDEX(CONFIG!$I$4:$I$63,MATCH($Q33,CONFIG!$G$4:$G$63,0)),"Por definir")) | X33: =IF(OR($B33="",$M33=""),"",WORKDAY($B33,IFERROR(INDEX(CONFIG!$D$4:$D$63,MATCH($M33,CONFIG!$A$4:$A$63,0)),3))) | Z33: =IF($B33="","",IF($Y33<>"",$Y33-$B33,TODAY()-$B33)) | AA33: =IF($B33="","",IF(IFERROR(INDEX(CONFIG!$L$4:$L$63,MATCH($V33,CONFIG!$K$4:$K$63,0)),"NO")="SÍ",IF(OR($Y33="",$X33=""),"Resuelta",IF($Y33>$X33,"Resuelta tarde","Resuelta a tiempo")),IF($X33="","Sin clasificar",IF(TODAY()>$X33,"Vencida",IF(TODAY()>=$X33-1,"Por vencer","En plazo")))))
A34: =IF($B34="","","N-"&TEXT(ROW()-3,"0000")) | E34: =IF($C34="","",IF($D34="",IF($C34="Interna","Sin guía (interna)","FALTA GUÍA"),IF(COUNTIFS(ENVIOS!$A$4:$A$3003,$D34)=0,"NO EXISTE",IF(COUNTIFS(ENVIOS!$A$4:$A$3003,$D34)>1,"DUPLICADA","OK")))) | F34: =IF($D34="","",IFERROR(INDEX(ENVIOS!$B$4:$B$3003,MATCH($D34,ENVIOS!$A$4:$A$3003,0)),"—")) | G34: =IF($D34="","",IFERROR(INDEX(ENVIOS!$D$4:$D$3003,MATCH($D34,ENVIOS!$A$4:$A$3003,0)),"—")) | H34: =IF($D34="","",IFERROR(INDEX(ENVIOS!$E$4:$E$3003,MATCH($D34,ENVIOS!$A$4:$A$3003,0)),"—")) | I34: =IF($D34="","",IFERROR(INDEX(ENVIOS!$F$4:$F$3003,MATCH($D34,ENVIOS!$A$4:$A$3003,0)),"—")) | J34: =IF($D34="","",IFERROR(INDEX(ENVIOS!$G$4:$G$3003,MATCH($D34,ENVIOS!$A$4:$A$3003,0)),"—")) | K34: =IF($D34="","",IFERROR(INDEX(ENVIOS!$H$4:$H$3003,MATCH($D34,ENVIOS!$A$4:$A$3003,0)),"—")) | L34: =IF($D34="","",IFERROR(INDEX(ENVIOS!$C$4:$C$3003,MATCH($D34,ENVIOS!$A$4:$A$3003,0)),"")) | N34: =IF($M34="","",IFERROR(INDEX(CONFIG!$C$4:$C$63,MATCH($M34,CONFIG!$A$4:$A$63,0)),"Media")) | O34: =IF($M34="","",IF($C34="Interna","NO",IFERROR(INDEX(CONFIG!$E$4:$E$63,MATCH($M34,CONFIG!$A$4:$A$63,0)),"NO"))) | R34: =IF($Q34="","",IFERROR(INDEX(CONFIG!$H$4:$H$63,MATCH($Q34,CONFIG!$G$4:$G$63,0)),"Por definir")) | S34: =IF($Q34="","",IFERROR(INDEX(CONFIG!$I$4:$I$63,MATCH($Q34,CONFIG!$G$4:$G$63,0)),"Por definir")) | X34: =IF(OR($B34="",$M34=""),"",WORKDAY($B34,IFERROR(INDEX(CONFIG!$D$4:$D$63,MATCH($M34,CONFIG!$A$4:$A$63,0)),3))) | Z34: =IF($B34="","",IF($Y34<>"",$Y34-$B34,TODAY()-$B34)) | AA34: =IF($B34="","",IF(IFERROR(INDEX(CONFIG!$L$4:$L$63,MATCH($V34,CONFIG!$K$4:$K$63,0)),"NO")="SÍ",IF(OR($Y34="",$X34=""),"Resuelta",IF($Y34>$X34,"Resuelta tarde","Resuelta a tiempo")),IF($X34="","Sin clasificar",IF(TODAY()>$X34,"Vencida",IF(TODAY()>=$X34-1,"Por vencer","En plazo")))))
A35: =IF($B35="","","N-"&TEXT(ROW()-3,"0000")) | E35: =IF($C35="","",IF($D35="",IF($C35="Interna","Sin guía (interna)","FALTA GUÍA"),IF(COUNTIFS(ENVIOS!$A$4:$A$3003,$D35)=0,"NO EXISTE",IF(COUNTIFS(ENVIOS!$A$4:$A$3003,$D35)>1,"DUPLICADA","OK")))) | F35: =IF($D35="","",IFERROR(INDEX(ENVIOS!$B$4:$B$3003,MATCH($D35,ENVIOS!$A$4:$A$3003,0)),"—")) | G35: =IF($D35="","",IFERROR(INDEX(ENVIOS!$D$4:$D$3003,MATCH($D35,ENVIOS!$A$4:$A$3003,0)),"—")) | H35: =IF($D35="","",IFERROR(INDEX(ENVIOS!$E$4:$E$3003,MATCH($D35,ENVIOS!$A$4:$A$3003,0)),"—")) | I35: =IF($D35="","",IFERROR(INDEX(ENVIOS!$F$4:$F$3003,MATCH($D35,ENVIOS!$A$4:$A$3003,0)),"—")) | J35: =IF($D35="","",IFERROR(INDEX(ENVIOS!$G$4:$G$3003,MATCH($D35,ENVIOS!$A$4:$A$3003,0)),"—")) | K35: =IF($D35="","",IFERROR(INDEX(ENVIOS!$H$4:$H$3003,MATCH($D35,ENVIOS!$A$4:$A$3003,0)),"—")) | L35: =IF($D35="","",IFERROR(INDEX(ENVIOS!$C$4:$C$3003,MATCH($D35,ENVIOS!$A$4:$A$3003,0)),"")) | N35: =IF($M35="","",IFERROR(INDEX(CONFIG!$C$4:$C$63,MATCH($M35,CONFIG!$A$4:$A$63,0)),"Media")) | O35: =IF($M35="","",IF($C35="Interna","NO",IFERROR(INDEX(CONFIG!$E$4:$E$63,MATCH($M35,CONFIG!$A$4:$A$63,0)),"NO"))) | R35: =IF($Q35="","",IFERROR(INDEX(CONFIG!$H$4:$H$63,MATCH($Q35,CONFIG!$G$4:$G$63,0)),"Por definir")) | S35: =IF($Q35="","",IFERROR(INDEX(CONFIG!$I$4:$I$63,MATCH($Q35,CONFIG!$G$4:$G$63,0)),"Por definir")) | X35: =IF(OR($B35="",$M35=""),"",WORKDAY($B35,IFERROR(INDEX(CONFIG!$D$4:$D$63,MATCH($M35,CONFIG!$A$4:$A$63,0)),3))) | Z35: =IF($B35="","",IF($Y35<>"",$Y35-$B35,TODAY()-$B35)) | AA35: =IF($B35="","",IF(IFERROR(INDEX(CONFIG!$L$4:$L$63,MATCH($V35,CONFIG!$K$4:$K$63,0)),"NO")="SÍ",IF(OR($Y35="",$X35=""),"Resuelta",IF($Y35>$X35,"Resuelta tarde","Resuelta a tiempo")),IF($X35="","Sin clasificar",IF(TODAY()>$X35,"Vencida",IF(TODAY()>=$X35-1,"Por vencer","En plazo")))))
A36: =IF($B36="","","N-"&TEXT(ROW()-3,"0000")) | E36: =IF($C36="","",IF($D36="",IF($C36="Interna","Sin guía (interna)","FALTA GUÍA"),IF(COUNTIFS(ENVIOS!$A$4:$A$3003,$D36)=0,"NO EXISTE",IF(COUNTIFS(ENVIOS!$A$4:$A$3003,$D36)>1,"DUPLICADA","OK")))) | F36: =IF($D36="","",IFERROR(INDEX(ENVIOS!$B$4:$B$3003,MATCH($D36,ENVIOS!$A$4:$A$3003,0)),"—")) | G36: =IF($D36="","",IFERROR(INDEX(ENVIOS!$D$4:$D$3003,MATCH($D36,ENVIOS!$A$4:$A$3003,0)),"—")) | H36: =IF($D36="","",IFERROR(INDEX(ENVIOS!$E$4:$E$3003,MATCH($D36,ENVIOS!$A$4:$A$3003,0)),"—")) | I36: =IF($D36="","",IFERROR(INDEX(ENVIOS!$F$4:$F$3003,MATCH($D36,ENVIOS!$A$4:$A$3003,0)),"—")) | J36: =IF($D36="","",IFERROR(INDEX(ENVIOS!$G$4:$G$3003,MATCH($D36,ENVIOS!$A$4:$A$3003,0)),"—")) | K36: =IF($D36="","",IFERROR(INDEX(ENVIOS!$H$4:$H$3003,MATCH($D36,ENVIOS!$A$4:$A$3003,0)),"—")) | L36: =IF($D36="","",IFERROR(INDEX(ENVIOS!$C$4:$C$3003,MATCH($D36,ENVIOS!$A$4:$A$3003,0)),"")) | N36: =IF($M36="","",IFERROR(INDEX(CONFIG!$C$4:$C$63,MATCH($M36,CONFIG!$A$4:$A$63,0)),"Media")) | O36: =IF($M36="","",IF($C36="Interna","NO",IFERROR(INDEX(CONFIG!$E$4:$E$63,MATCH($M36,CONFIG!$A$4:$A$63,0)),"NO"))) | R36: =IF($Q36="","",IFERROR(INDEX(CONFIG!$H$4:$H$63,MATCH($Q36,CONFIG!$G$4:$G$63,0)),"Por definir")) | S36: =IF($Q36="","",IFERROR(INDEX(CONFIG!$I$4:$I$63,MATCH($Q36,CONFIG!$G$4:$G$63,0)),"Por definir")) | X36: =IF(OR($B36="",$M36=""),"",WORKDAY($B36,IFERROR(INDEX(CONFIG!$D$4:$D$63,MATCH($M36,CONFIG!$A$4:$A$63,0)),3))) | Z36: =IF($B36="","",IF($Y36<>"",$Y36-$B36,TODAY()-$B36)) | AA36: =IF($B36="","",IF(IFERROR(INDEX(CONFIG!$L$4:$L$63,MATCH($V36,CONFIG!$K$4:$K$63,0)),"NO")="SÍ",IF(OR($Y36="",$X36=""),"Resuelta",IF($Y36>$X36,"Resuelta tarde","Resuelta a tiempo")),IF($X36="","Sin clasificar",IF(TODAY()>$X36,"Vencida",IF(TODAY()>=$X36-1,"Por vencer","En plazo")))))
A37: =IF($B37="","","N-"&TEXT(ROW()-3,"0000")) | E37: =IF($C37="","",IF($D37="",IF($C37="Interna","Sin guía (interna)","FALTA GUÍA"),IF(COUNTIFS(ENVIOS!$A$4:$A$3003,$D37)=0,"NO EXISTE",IF(COUNTIFS(ENVIOS!$A$4:$A$3003,$D37)>1,"DUPLICADA","OK")))) | F37: =IF($D37="","",IFERROR(INDEX(ENVIOS!$B$4:$B$3003,MATCH($D37,ENVIOS!$A$4:$A$3003,0)),"—")) | G37: =IF($D37="","",IFERROR(INDEX(ENVIOS!$D$4:$D$3003,MATCH($D37,ENVIOS!$A$4:$A$3003,0)),"—")) | H37: =IF($D37="","",IFERROR(INDEX(ENVIOS!$E$4:$E$3003,MATCH($D37,ENVIOS!$A$4:$A$3003,0)),"—")) | I37: =IF($D37="","",IFERROR(INDEX(ENVIOS!$F$4:$F$3003,MATCH($D37,ENVIOS!$A$4:$A$3003,0)),"—")) | J37: =IF($D37="","",IFERROR(INDEX(ENVIOS!$G$4:$G$3003,MATCH($D37,ENVIOS!$A$4:$A$3003,0)),"—")) | K37: =IF($D37="","",IFERROR(INDEX(ENVIOS!$H$4:$H$3003,MATCH($D37,ENVIOS!$A$4:$A$3003,0)),"—")) | L37: =IF($D37="","",IFERROR(INDEX(ENVIOS!$C$4:$C$3003,MATCH($D37,ENVIOS!$A$4:$A$3003,0)),"")) | N37: =IF($M37="","",IFERROR(INDEX(CONFIG!$C$4:$C$63,MATCH($M37,CONFIG!$A$4:$A$63,0)),"Media")) | O37: =IF($M37="","",IF($C37="Interna","NO",IFERROR(INDEX(CONFIG!$E$4:$E$63,MATCH($M37,CONFIG!$A$4:$A$63,0)),"NO"))) | R37: =IF($Q37="","",IFERROR(INDEX(CONFIG!$H$4:$H$63,MATCH($Q37,CONFIG!$G$4:$G$63,0)),"Por definir")) | S37: =IF($Q37="","",IFERROR(INDEX(CONFIG!$I$4:$I$63,MATCH($Q37,CONFIG!$G$4:$G$63,0)),"Por definir")) | X37: =IF(OR($B37="",$M37=""),"",WORKDAY($B37,IFERROR(INDEX(CONFIG!$D$4:$D$63,MATCH($M37,CONFIG!$A$4:$A$63,0)),3))) | Z37: =IF($B37="","",IF($Y37<>"",$Y37-$B37,TODAY()-$B37)) | AA37: =IF($B37="","",IF(IFERROR(INDEX(CONFIG!$L$4:$L$63,MATCH($V37,CONFIG!$K$4:$K$63,0)),"NO")="SÍ",IF(OR($Y37="",$X37=""),"Resuelta",IF($Y37>$X37,"Resuelta tarde","Resuelta a tiempo")),IF($X37="","Sin clasificar",IF(TODAY()>$X37,"Vencida",IF(TODAY()>=$X37-1,"Por vencer","En plazo")))))
... A1503: =IF($B1503="","","N-"&TEXT(ROW()-3,"0000")) | E1503: =IF($C1503="","",IF($D1503="",IF($C1503="Interna","Sin guía (interna)","FALTA GUÍA"),IF(COUNTIFS(ENVIOS!$A$4:$A$3003,$D1503)=0,"NO EXISTE",IF(COUNTIFS(ENVIOS!$A$4:$A$3003,$D1503)>1,"DUPLICADA","OK")))) | F1503: =IF($D1503="","",IFERROR(INDEX(ENVIOS!$B$4:$B$3003,MATCH($D1503,ENVIOS!$A$4:$A$3003,0)),"—")) | G1503: =IF($D1503="","",IFERROR(INDEX(ENVIOS!$D$4:$D$3003,MATCH($D1503,ENVIOS!$A$4:$A$3003,0)),"—")) | H1503: =IF($D1503="","",IFERROR(INDEX(ENVIOS!$E$4:$E$3003,MATCH($D1503,ENVIOS!$A$4:$A$3003,0)),"—")) | I1503: =IF($D1503="","",IFERROR(INDEX(ENVIOS!$F$4:$F$3003,MATCH($D1503,ENVIOS!$A$4:$A$3003,0)),"—")) | J1503: =IF($D1503="","",IFERROR(INDEX(ENVIOS!$G$4:$G$3003,MATCH($D1503,ENVIOS!$A$4:$A$3003,0)),"—")) | K1503: =IF($D1503="","",IFERROR(INDEX(ENVIOS!$H$4:$H$3003,MATCH($D1503,ENVIOS!$A$4:$A$3003,0)),"—")) | L1503: =IF($D1503="","",IFERROR(INDEX(ENVIOS!$C$4:$C$3003,MATCH($D1503,ENVIOS!$A$4:$A$3003,0)),"")) | N1503: =IF($M1503="","",IFERROR(INDEX(CONFIG!$C$4:$C$63,MATCH($M1503,CONFIG!$A$4:$A$63,0)),"Media")) | O1503: =IF($M1503="","",IF($C1503="Interna","NO",IFERROR(INDEX(CONFIG!$E$4:$E$63,MATCH($M1503,CONFIG!$A$4:$A$63,0)),"NO"))) | R1503: =IF($Q1503="","",IFERROR(INDEX(CONFIG!$H$4:$H$63,MATCH($Q1503,CONFIG!$G$4:$G$63,0)),"Por definir")) | S1503: =IF($Q1503="","",IFERROR(INDEX(CONFIG!$I$4:$I$63,MATCH($Q1503,CONFIG!$G$4:$G$63,0)),"Por definir")) | X1503: =IF(OR($B1503="",$M1503=""),"",WORKDAY($B1503,IFERROR(INDEX(CONFIG!$D$4:$D$63,MATCH($M1503,CONFIG!$A$4:$A$63,0)),3))) | Z1503: =IF($B1503="","",IF($Y1503<>"",$Y1503-$B1503,TODAY()-$B1503)) | AA1503: =IF($B1503="","",IF(IFERROR(INDEX(CONFIG!$L$4:$L$63,MATCH($V1503,CONFIG!$K$4:$K$63,0)),"NO")="SÍ",IF(OR($Y1503="",$X1503=""),"Resuelta",IF($Y1503>$X1503,"Resuelta tarde","Resuelta a tiempo")),IF($X1503="","Sin clasificar",IF(TODAY()>$X1503,"Vencida",IF(TODAY()>=$X1503-1,"Por vencer","En plazo")))))

Sheet ENVIOS
A1: ENVÍOS · base de despachos
A2: ① SE DIGITA AL DESPACHAR · pegue o escriba aquí | L2: ② AL ENTREGAR | M2: ③ SE CALCULA SOLO · no escriba en esta zona
A3: Nº Guía / Remisión | B3: Nº Pedido | C3: Fecha despacho | D3: Cliente | E3: Ciudad destino | F3: Transportadora | G3: Conductor | H3: Placa | I3: Unidades enviadas | J3: Valor del envío | K3: Fecha promesa de entrega | L3: Fecha de entrega real | M3: Días en ruta | N3: ¿Llegó a tiempo? | O3: Novedades | P3: ¿Llegó completa? | Q3: OTIF
A4: G-2401 | B4: P-5001 | C4: 46244 | D4: Agroveterinaria El Roble | E4: Bogotá | F4: Transportadora A | G4: Juan Contreras | H4: SSY657 | I4: 12 | J4: 4300000 | K4: 46246 | L4: 46246 | M4: =IF(OR($A4="",$C4=""),"",IF($L4<>"",$L4-$C4,TODAY()-$C4)) | N4: =IF(OR($A4="",$K4=""),"",IF($L4="",IF(TODAY()>$K4,"Atrasado","En ruta"),IF($L4<=$K4,"Sí","No"))) | O4: =IF($A4="","",COUNTIFS(NOVEDADES!$D$4:$D$1503,$A4)) | P4: =IF($A4="","",IF(COUNTIFS(NOVEDADES!$D$4:$D$1503,$A4,NOVEDADES!$O$4:$O$1503,"SÍ")>0,"No","Sí")) | Q4: =IF(OR($A4="",$L4=""),"",IF(AND($N4="Sí",$P4="Sí"),"OTIF","Falló"))
A5: G-2402 | B5: P-5002 | C5: 46245 | D5: Distribuidora La Sabana | E5: Chía | F5: Transportadora A | G5: Juan Contreras | H5: SSY657 | I5: 8 | J5: 2100000 | K5: 46247 | L5: 46247 | M5: =IF(OR($A5="",$C5=""),"",IF($L5<>"",$L5-$C5,TODAY()-$C5)) | N5: =IF(OR($A5="",$K5=""),"",IF($L5="",IF(TODAY()>$K5,"Atrasado","En ruta"),IF($L5<=$K5,"Sí","No"))) | O5: =IF($A5="","",COUNTIFS(NOVEDADES!$D$4:$D$1503,$A5)) | P5: =IF($A5="","",IF(COUNTIFS(NOVEDADES!$D$4:$D$1503,$A5,NOVEDADES!$O$4:$O$1503,"SÍ")>0,"No","Sí")) | Q5: =IF(OR($A5="",$L5=""),"",IF(AND($N5="Sí",$P5="Sí"),"OTIF","Falló"))
A6: G-2403 | B6: P-5003 | C6: 46247 | D6: Almacén Los Andes | E6: Bogotá | F6: Transportadora A | G6: Marta Peña | H6: KLM220 | I6: 5 | J6: 1500000 | K6: 46249 | L6: 46248 | M6: =IF(OR($A6="",$C6=""),"",IF($L6<>"",$L6-$C6,TODAY()-$C6)) | N6: =IF(OR($A6="",$K6=""),"",IF($L6="",IF(TODAY()>$K6,"Atrasado","En ruta"),IF($L6<=$K6,"Sí","No"))) | O6: =IF($A6="","",COUNTIFS(NOVEDADES!$D$4:$D$1503,$A6)) | P6: =IF($A6="","",IF(COUNTIFS(NOVEDADES!$D$4:$D$1503,$A6,NOVEDADES!$O$4:$O$1503,"SÍ")>0,"No","Sí")) | Q6: =IF(OR($A6="",$L6=""),"",IF(AND($N6="Sí",$P6="Sí"),"OTIF","Falló"))
A7: G-2404 | B7: P-5004 | C7: 46251 | D7: Insumos del Norte | E7: Zipaquirá | F7: Transportadora A | G7: Juan Contreras | H7: SSY657 | I7: 15 | J7: 5200000 | K7: 46253 | L7: 46253 | M7: =IF(OR($A7="",$C7=""),"",IF($L7<>"",$L7-$C7,TODAY()-$C7)) | N7: =IF(OR($A7="",$K7=""),"",IF($L7="",IF(TODAY()>$K7,"Atrasado","En ruta"),IF($L7<=$K7,"Sí","No"))) | O7: =IF($A7="","",COUNTIFS(NOVEDADES!$D$4:$D$1503,$A7)) | P7: =IF($A7="","",IF(COUNTIFS(NOVEDADES!$D$4:$D$1503,$A7,NOVEDADES!$O$4:$O$1503,"SÍ")>0,"No","Sí")) | Q7: =IF(OR($A7="",$L7=""),"",IF(AND($N7="Sí",$P7="Sí"),"OTIF","Falló"))
A8: G-2405 | B8: P-5005 | C8: 46254 | D8: Veterinaria San Jorge | E8: Cota | F8: Transportadora A | G8: Marta Peña | H8: KLM220 | I8: 4 | J8: 1100000 | K8: 46256 | L8: 46256 | M8: =IF(OR($A8="",$C8=""),"",IF($L8<>"",$L8-$C8,TODAY()-$C8)) | N8: =IF(OR($A8="",$K8=""),"",IF($L8="",IF(TODAY()>$K8,"Atrasado","En ruta"),IF($L8<=$K8,"Sí","No"))) | O8: =IF($A8="","",COUNTIFS(NOVEDADES!$D$4:$D$1503,$A8)) | P8: =IF($A8="","",IF(COUNTIFS(NOVEDADES!$D$4:$D$1503,$A8,NOVEDADES!$O$4:$O$1503,"SÍ")>0,"No","Sí")) | Q8: =IF(OR($A8="",$L8=""),"",IF(AND($N8="Sí",$P8="Sí"),"OTIF","Falló"))
A9: G-2406 | B9: P-5006 | C9: 46259 | D9: Comercial El Prado | E9: Bogotá | F9: Transportadora A | G9: Juan Contreras | H9: SSY657 | I9: 9 | J9: 2800000 | K9: 46261 | L9: 46261 | M9: =IF(OR($A9="",$C9=""),"",IF($L9<>"",$L9-$C9,TODAY()-$C9)) | N9: =IF(OR($A9="",$K9=""),"",IF($L9="",IF(TODAY()>$K9,"Atrasado","En ruta"),IF($L9<=$K9,"Sí","No"))) | O9: =IF($A9="","",COUNTIFS(NOVEDADES!$D$4:$D$1503,$A9)) | P9: =IF($A9="","",IF(COUNTIFS(NOVEDADES!$D$4:$D$1503,$A9,NOVEDADES!$O$4:$O$1503,"SÍ")>0,"No","Sí")) | Q9: =IF(OR($A9="",$L9=""),"",IF(AND($N9="Sí",$P9="Sí"),"OTIF","Falló"))
A10: G-2407 | B10: P-5007 | C10: 46262 | D10: Agro Suministros SAS | E10: Funza | F10: Transportadora A | G10: Marta Peña | H10: KLM220 | I10: 6 | J10: 1750000 | K10: 46266 | L10: 46266 | M10: =IF(OR($A10="",$C10=""),"",IF($L10<>"",$L10-$C10,TODAY()-$C10)) | N10: =IF(OR($A10="",$K10=""),"",IF($L10="",IF(TODAY()>$K10,"Atrasado","En ruta"),IF($L10<=$K10,"Sí","No"))) | O10: =IF($A10="","",COUNTIFS(NOVEDADES!$D$4:$D$1503,$A10)) | P10: =IF($A10="","",IF(COUNTIFS(NOVEDADES!$D$4:$D$1503,$A10,NOVEDADES!$O$4:$O$1503,"SÍ")>0,"No","Sí")) | Q10: =IF(OR($A10="",$L10=""),"",IF(AND($N10="Sí",$P10="Sí"),"OTIF","Falló"))
A11: G-2408 | B11: P-5008 | C11: 46267 | D11: Distribuidora La Sabana | E11: Chía | F11: Transportadora A | G11: Juan Contreras | H11: SSY657 | I11: 11 | J11: 3400000 | K11: 46269 | L11: 46269 | M11: =IF(OR($A11="",$C11=""),"",IF($L11<>"",$L11-$C11,TODAY()-$C11)) | N11: =IF(OR($A11="",$K11=""),"",IF($L11="",IF(TODAY()>$K11,"Atrasado","En ruta"),IF($L11<=$K11,"Sí","No"))) | O11: =IF($A11="","",COUNTIFS(NOVEDADES!$D$4:$D$1503,$A11)) | P11: =IF($A11="","",IF(COUNTIFS(NOVEDADES!$D$4:$D$1503,$A11,NOVEDADES!$O$4:$O$1503,"SÍ")>0,"No","Sí")) | Q11: =IF(OR($A11="",$L11=""),"",IF(AND($N11="Sí",$P11="Sí"),"OTIF","Falló"))
A12: G-2409 | B12: P-5009 | C12: 46244 | D12: Almacén Central del Café | E12: Pereira | F12: Transportadora B | G12: Pedro Ruiz | H12: ABC123 | I12: 7 | J12: 2050000 | K12: 46248 | L12: 46248 | M12: =IF(OR($A12="",$C12=""),"",IF($L12<>"",$L12-$C12,TODAY()-$C12)) | N12: =IF(OR($A12="",$K12=""),"",IF($L12="",IF(TODAY()>$K12,"Atrasado","En ruta"),IF($L12<=$K12,"Sí","No"))) | O12: =IF($A12="","",COUNTIFS(NOVEDADES!$D$4:$D$1503,$A12)) | P12: =IF($A12="","",IF(COUNTIFS(NOVEDADES!$D$4:$D$1503,$A12,NOVEDADES!$O$4:$O$1503,"SÍ")>0,"No","Sí")) | Q12: =IF(OR($A12="",$L12=""),"",IF(AND($N12="Sí",$P12="Sí"),"OTIF","Falló"))
A13: G-2410 | B13: P-5010 | C13: 46246 | D13: Mercados del Eje | E13: Armenia | F13: Transportadora B | G13: Pedro Ruiz | H13: ABC123 | I13: 20 | J13: 7000000 | K13: 46250 | L13: 46252 | M13: =IF(OR($A13="",$C13=""),"",IF($L13<>"",$L13-$C13,TODAY()-$C13)) | N13: =IF(OR($A13="",$K13=""),"",IF($L13="",IF(TODAY()>$K13,"Atrasado","En ruta"),IF($L13<=$K13,"Sí","No"))) | O13: =IF($A13="","",COUNTIFS(NOVEDADES!$D$4:$D$1503,$A13)) | P13: =IF($A13="","",IF(COUNTIFS(NOVEDADES!$D$4:$D$1503,$A13,NOVEDADES!$O$4:$O$1503,"SÍ")>0,"No","Sí")) | Q13: =IF(OR($A13="",$L13=""),"",IF(AND($N13="Sí",$P13="Sí"),"OTIF","Falló"))
A14: G-2411 | B14: P-5011 | C14: 46248 | D14: Surtitodo Manizales | E14: Manizales | F14: Transportadora B | G14: Ivan Salas | H14: RTF908 | I14: 10 | J14: 3100000 | K14: 46252 | L14: 46252 | M14: =IF(OR($A14="",$C14=""),"",IF($L14<>"",$L14-$C14,TODAY()-$C14)) | N14: =IF(OR($A14="",$K14=""),"",IF($L14="",IF(TODAY()>$K14,"Atrasado","En ruta"),IF($L14<=$K14,"Sí","No"))) | O14: =IF($A14="","",COUNTIFS(NOVEDADES!$D$4:$D$1503,$A14)) | P14: =IF($A14="","",IF(COUNTIFS(NOVEDADES!$D$4:$D$1503,$A14,NOVEDADES!$O$4:$O$1503,"SÍ")>0,"No","Sí")) | Q14: =IF(OR($A14="",$L14=""),"",IF(AND($N14="Sí",$P14="Sí"),"OTIF","Falló"))
A15: G-2412 | B15: P-5012 | C15: 46253 | D15: Agropecuaria del Quindío | E15: Armenia | F15: Transportadora B | G15: Pedro Ruiz | H15: ABC123 | I15: 6 | J15: 1900000 | K15: 46257 | L15: 46257 | M15: =IF(OR($A15="",$C15=""),"",IF($L15<>"",$L15-$C15,TODAY()-$C15)) | N15: =IF(OR($A15="",$K15=""),"",IF($L15="",IF(TODAY()>$K15,"Atrasado","En ruta"),IF($L15<=$K15,"Sí","No"))) | O15: =IF($A15="","",COUNTIFS(NOVEDADES!$D$4:$D$1503,$A15)) | P15: =IF($A15="","",IF(COUNTIFS(NOVEDADES!$D$4:$D$1503,$A15,NOVEDADES!$O$4:$O$1503,"SÍ")>0,"No","Sí")) | Q15: =IF(OR($A15="",$L15=""),"",IF(AND($N15="Sí",$P15="Sí"),"OTIF","Falló"))
... A25: G-2422 | B25: P-5022 | C25: 46266 | D25: Comercial del Norte | E25: Barranquilla | F25: Transportadora C | G25: Luis Gómez | H25: XYZ987 | I25: 25 | J25: 8200000 | K25: 46271 | L25: 46274 | M25: =IF(OR($A25="",$C25=""),"",IF($L25<>"",$L25-$C25,TODAY()-$C25)) | N25: =IF(OR($A25="",$K25=""),"",IF($L25="",IF(TODAY()>$K25,"Atrasado","En ruta"),IF($L25<=$K25,"Sí","No"))) | O25: =IF($A25="","",COUNTIFS(NOVEDADES!$D$4:$D$1503,$A25)) | P25: =IF($A25="","",IF(COUNTIFS(NOVEDADES!$D$4:$D$1503,$A25,NOVEDADES!$O$4:$O$1503,"SÍ")>0,"No","Sí")) | Q25: =IF(OR($A25="",$L25=""),"",IF(AND($N25="Sí",$P25="Sí"),"OTIF","Falló"))
A26: G-2423 | B26: P-5023 | C26: 46269 | D26: Agro Costa SAS | E26: Cartagena | F26: Transportadora C | G26: Nelson Ríos | H26: PLK441 | I26: 11 | J26: 3500000 | K26: 46274 | M26: =IF(OR($A26="",$C26=""),"",IF($L26<>"",$L26-$C26,TODAY()-$C26)) | N26: =IF(OR($A26="",$K26=""),"",IF($L26="",IF(TODAY()>$K26,"Atrasado","En ruta"),IF($L26<=$K26,"Sí","No"))) | O26: =IF($A26="","",COUNTIFS(NOVEDADES!$D$4:$D$1503,$A26)) | P26: =IF($A26="","",IF(COUNTIFS(NOVEDADES!$D$4:$D$1503,$A26,NOVEDADES!$O$4:$O$1503,"SÍ")>0,"No","Sí")) | Q26: =IF(OR($A26="",$L26=""),"",IF(AND($N26="Sí",$P26="Sí"),"OTIF","Falló"))
A27: G-2424 | B27: P-5024 | C27: 46246 | D27: Agro Sur Ltda | E27: Neiva | F27: Flota propia | G27: Ana Torres | H27: QTZ531 | I27: 7 | J27: 1900000 | K27: 46249 | L27: 46249 | M27: =IF(OR($A27="",$C27=""),"",IF($L27<>"",$L27-$C27,TODAY()-$C27)) | N27: =IF(OR($A27="",$K27=""),"",IF($L27="",IF(TODAY()>$K27,"Atrasado","En ruta"),IF($L27<=$K27,"Sí","No"))) | O27: =IF($A27="","",COUNTIFS(NOVEDADES!$D$4:$D$1503,$A27)) | P27: =IF($A27="","",IF(COUNTIFS(NOVEDADES!$D$4:$D$1503,$A27,NOVEDADES!$O$4:$O$1503,"SÍ")>0,"No","Sí")) | Q27: =IF(OR($A27="",$L27=""),"",IF(AND($N27="Sí",$P27="Sí"),"OTIF","Falló"))
A28: G-2425 | B28: P-5025 | C28: 46251 | D28: Tienda El Campo | E28: Villavicencio | F28: Flota propia | G28: Ana Torres | H28: QTZ531 | I28: 3 | J28: 900000 | K28: 46254 | L28: 46256 | M28: =IF(OR($A28="",$C28=""),"",IF($L28<>"",$L28-$C28,TODAY()-$C28)) | N28: =IF(OR($A28="",$K28=""),"",IF($L28="",IF(TODAY()>$K28,"Atrasado","En ruta"),IF($L28<=$K28,"Sí","No"))) | O28: =IF($A28="","",COUNTIFS(NOVEDADES!$D$4:$D$1503,$A28)) | P28: =IF($A28="","",IF(COUNTIFS(NOVEDADES!$D$4:$D$1503,$A28,NOVEDADES!$O$4:$O$1503,"SÍ")>0,"No","Sí")) | Q28: =IF(OR($A28="",$L28=""),"",IF(AND($N28="Sí",$P28="Sí"),"OTIF","Falló"))
A29: G-2426 | B29: P-5026 | C29: 46254 | D29: Insumos del Llano | E29: Villavicencio | F29: Flota propia | G29: Carlos Mena | H29: HJU775 | I29: 13 | J29: 4100000 | K29: 46257 | L29: 46257 | M29: =IF(OR($A29="",$C29=""),"",IF($L29<>"",$L29-$C29,TODAY()-$C29)) | N29: =IF(OR($A29="",$K29=""),"",IF($L29="",IF(TODAY()>$K29,"Atrasado","En ruta"),IF($L29<=$K29,"Sí","No"))) | O29: =IF($A29="","",COUNTIFS(NOVEDADES!$D$4:$D$1503,$A29)) | P29: =IF($A29="","",IF(COUNTIFS(NOVEDADES!$D$4:$D$1503,$A29,NOVEDADES!$O$4:$O$1503,"SÍ")>0,"No","Sí")) | Q29: =IF(OR($A29="",$L29=""),"",IF(AND($N29="Sí",$P29="Sí"),"OTIF","Falló"))
A30: G-2427 | B30: P-5027 | C30: 46258 | D30: Agro Sur Ltda | E30: Neiva | F30: Flota propia | G30: Ana Torres | H30: QTZ531 | I30: 9 | J30: 2700000 | K30: 46261 | L30: 46261 | M30: =IF(OR($A30="",$C30=""),"",IF($L30<>"",$L30-$C30,TODAY()-$C30)) | N30: =IF(OR($A30="",$K30=""),"",IF($L30="",IF(TODAY()>$K30,"Atrasado","En ruta"),IF($L30<=$K30,"Sí","No"))) | O30: =IF($A30="","",COUNTIFS(NOVEDADES!$D$4:$D$1503,$A30)) | P30: =IF($A30="","",IF(COUNTIFS(NOVEDADES!$D$4:$D$1503,$A30,NOVEDADES!$O$4:$O$1503,"SÍ")>0,"No","Sí")) | Q30: =IF(OR($A30="",$L30=""),"",IF(AND($N30="Sí",$P30="Sí"),"OTIF","Falló"))
A31: G-2428 | B31: P-5028 | C31: 46265 | D31: Distribuidora del Huila | E31: Pitalito | F31: Flota propia | G31: Carlos Mena | H31: HJU775 | I31: 5 | J31: 1600000 | K31: 46268 | L31: 46268 | M31: =IF(OR($A31="",$C31=""),"",IF($L31<>"",$L31-$C31,TODAY()-$C31)) | N31: =IF(OR($A31="",$K31=""),"",IF($L31="",IF(TODAY()>$K31,"Atrasado","En ruta"),IF($L31<=$K31,"Sí","No"))) | O31: =IF($A31="","",COUNTIFS(NOVEDADES!$D$4:$D$1503,$A31)) | P31: =IF($A31="","",IF(COUNTIFS(NOVEDADES!$D$4:$D$1503,$A31,NOVEDADES!$O$4:$O$1503,"SÍ")>0,"No","Sí")) | Q31: =IF(OR($A31="",$L31=""),"",IF(AND($N31="Sí",$P31="Sí"),"OTIF","Falló"))
A32: G-2429 | B32: P-5029 | C32: 46267 | D32: Insumos del Llano | E32: Villavicencio | F32: Flota propia | G32: Ana Torres | H32: QTZ531 | I32: 10 | J32: 3200000 | K32: 46270 | L32: 46270 | M32: =IF(OR($A32="",$C32=""),"",IF($L32<>"",$L32-$C32,TODAY()-$C32)) | N32: =IF(OR($A32="",$K32=""),"",IF($L32="",IF(TODAY()>$K32,"Atrasado","En ruta"),IF($L32<=$K32,"Sí","No"))) | O32: =IF($A32="","",COUNTIFS(NOVEDADES!$D$4:$D$1503,$A32)) | P32: =IF($A32="","",IF(COUNTIFS(NOVEDADES!$D$4:$D$1503,$A32,NOVEDADES!$O$4:$O$1503,"SÍ")>0,"No","Sí")) | Q32: =IF(OR($A32="",$L32=""),"",IF(AND($N32="Sí",$P32="Sí"),"OTIF","Falló"))
A33: G-2430 | B33: P-5030 | C33: 46272 | D33: Tienda El Campo | E33: Villavicencio | F33: Flota propia | G33: Carlos Mena | H33: HJU775 | I33: 4 | J33: 1250000 | K33: 46275 | M33: =IF(OR($A33="",$C33=""),"",IF($L33<>"",$L33-$C33,TODAY()-$C33)) | N33: =IF(OR($A33="",$K33=""),"",IF($L33="",IF(TODAY()>$K33,"Atrasado","En ruta"),IF($L33<=$K33,"Sí","No"))) | O33: =IF($A33="","",COUNTIFS(NOVEDADES!$D$4:$D$1503,$A33)) | P33: =IF($A33="","",IF(COUNTIFS(NOVEDADES!$D$4:$D$1503,$A33,NOVEDADES!$O$4:$O$1503,"SÍ")>0,"No","Sí")) | Q33: =IF(OR($A33="",$L33=""),"",IF(AND($N33="Sí",$P33="Sí"),"OTIF","Falló"))
M34: =IF(OR($A34="",$C34=""),"",IF($L34<>"",$L34-$C34,TODAY()-$C34)) | N34: =IF(OR($A34="",$K34=""),"",IF($L34="",IF(TODAY()>$K34,"Atrasado","En ruta"),IF($L34<=$K34,"Sí","No"))) | O34: =IF($A34="","",COUNTIFS(NOVEDADES!$D$4:$D$1503,$A34)) | P34: =IF($A34="","",IF(COUNTIFS(NOVEDADES!$D$4:$D$1503,$A34,NOVEDADES!$O$4:$O$1503,"SÍ")>0,"No","Sí")) | Q34: =IF(OR($A34="",$L34=""),"",IF(AND($N34="Sí",$P34="Sí"),"OTIF","Falló"))
M35: =IF(OR($A35="",$C35=""),"",IF($L35<>"",$L35-$C35,TODAY()-$C35)) | N35: =IF(OR($A35="",$K35=""),"",IF($L35="",IF(TODAY()>$K35,"Atrasado","En ruta"),IF($L35<=$K35,"Sí","No"))) | O35: =IF($A35="","",COUNTIFS(NOVEDADES!$D$4:$D$1503,$A35)) | P35: =IF($A35="","",IF(COUNTIFS(NOVEDADES!$D$4:$D$1503,$A35,NOVEDADES!$O$4:$O$1503,"SÍ")>0,"No","Sí")) | Q35: =IF(OR($A35="",$L35=""),"",IF(AND($N35="Sí",$P35="Sí"),"OTIF","Falló"))
M36: =IF(OR($A36="",$C36=""),"",IF($L36<>"",$L36-$C36,TODAY()-$C36)) | N36: =IF(OR($A36="",$K36=""),"",IF($L36="",IF(TODAY()>$K36,"Atrasado","En ruta"),IF($L36<=$K36,"Sí","No"))) | O36: =IF($A36="","",COUNTIFS(NOVEDADES!$D$4:$D$1503,$A36)) | P36: =IF($A36="","",IF(COUNTIFS(NOVEDADES!$D$4:$D$1503,$A36,NOVEDADES!$O$4:$O$1503,"SÍ")>0,"No","Sí")) | Q36: =IF(OR($A36="",$L36=""),"",IF(AND($N36="Sí",$P36="Sí"),"OTIF","Falló"))
M37: =IF(OR($A37="",$C37=""),"",IF($L37<>"",$L37-$C37,TODAY()-$C37)) | N37: =IF(OR($A37="",$K37=""),"",IF($L37="",IF(TODAY()>$K37,"Atrasado","En ruta"),IF($L37<=$K37,"Sí","No"))) | O37: =IF($A37="","",COUNTIFS(NOVEDADES!$D$4:$D$1503,$A37)) | P37: =IF($A37="","",IF(COUNTIFS(NOVEDADES!$D$4:$D$1503,$A37,NOVEDADES!$O$4:$O$1503,"SÍ")>0,"No","Sí")) | Q37: =IF(OR($A37="",$L37=""),"",IF(AND($N37="Sí",$P37="Sí"),"OTIF","Falló"))
M38: =IF(OR($A38="",$C38=""),"",IF($L38<>"",$L38-$C38,TODAY()-$C38)) | N38: =IF(OR($A38="",$K38=""),"",IF($L38="",IF(TODAY()>$K38,"Atrasado","En ruta"),IF($L38<=$K38,"Sí","No"))) | O38: =IF($A38="","",COUNTIFS(NOVEDADES!$D$4:$D$1503,$A38)) | P38: =IF($A38="","",IF(COUNTIFS(NOVEDADES!$D$4:$D$1503,$A38,NOVEDADES!$O$4:$O$1503,"SÍ")>0,"No","Sí")) | Q38: =IF(OR($A38="",$L38=""),"",IF(AND($N38="Sí",$P38="Sí"),"OTIF","Falló"))
M39: =IF(OR($A39="",$C39=""),"",IF($L39<>"",$L39-$C39,TODAY()-$C39)) | N39: =IF(OR($A39="",$K39=""),"",IF($L39="",IF(TODAY()>$K39,"Atrasado","En ruta"),IF($L39<=$K39,"Sí","No"))) | O39: =IF($A39="","",COUNTIFS(NOVEDADES!$D$4:$D$1503,$A39)) | P39: =IF($A39="","",IF(COUNTIFS(NOVEDADES!$D$4:$D$1503,$A39,NOVEDADES!$O$4:$O$1503,"SÍ")>0,"No","Sí")) | Q39: =IF(OR($A39="",$L39=""),"",IF(AND($N39="Sí",$P39="Sí"),"OTIF","Falló"))
M40: =IF(OR($A40="",$C40=""),"",IF($L40<>"",$L40-$C40,TODAY()-$C40)) | N40: =IF(OR($A40="",$K40=""),"",IF($L40="",IF(TODAY()>$K40,"Atrasado","En ruta"),IF($L40<=$K40,"Sí","No"))) | O40: =IF($A40="","",COUNTIFS(NOVEDADES!$D$4:$D$1503,$A40)) | P40: =IF($A40="","",IF(COUNTIFS(NOVEDADES!$D$4:$D$1503,$A40,NOVEDADES!$O$4:$O$1503,"SÍ")>0,"No","Sí")) | Q40: =IF(OR($A40="",$L40=""),"",IF(AND($N40="Sí",$P40="Sí"),"OTIF","Falló"))
M41: =IF(OR($A41="",$C41=""),"",IF($L41<>"",$L41-$C41,TODAY()-$C41)) | N41: =IF(OR($A41="",$K41=""),"",IF($L41="",IF(TODAY()>$K41,"Atrasado","En ruta"),IF($L41<=$K41,"Sí","No"))) | O41: =IF($A41="","",COUNTIFS(NOVEDADES!$D$4:$D$1503,$A41)) | P41: =IF($A41="","",IF(COUNTIFS(NOVEDADES!$D$4:$D$1503,$A41,NOVEDADES!$O$4:$O$1503,"SÍ")>0,"No","Sí")) | Q41: =IF(OR($A41="",$L41=""),"",IF(AND($N41="Sí",$P41="Sí"),"OTIF","Falló"))
M42: =IF(OR($A42="",$C42=""),"",IF($L42<>"",$L42-$C42,TODAY()-$C42)) | N42: =IF(OR($A42="",$K42=""),"",IF($L42="",IF(TODAY()>$K42,"Atrasado","En ruta"),IF($L42<=$K42,"Sí","No"))) | O42: =IF($A42="","",COUNTIFS(NOVEDADES!$D$4:$D$1503,$A42)) | P42: =IF($A42="","",IF(COUNTIFS(NOVEDADES!$D$4:$D$1503,$A42,NOVEDADES!$O$4:$O$1503,"SÍ")>0,"No","Sí")) | Q42: =IF(OR($A42="",$L42=""),"",IF(AND($N42="Sí",$P42="Sí"),"OTIF","Falló"))
M43: =IF(OR($A43="",$C43=""),"",IF($L43<>"",$L43-$C43,TODAY()-$C43)) | N43: =IF(OR($A43="",$K43=""),"",IF($L43="",IF(TODAY()>$K43,"Atrasado","En ruta"),IF($L43<=$K43,"Sí","No"))) | O43: =IF($A43="","",COUNTIFS(NOVEDADES!$D$4:$D$1503,$A43)) | P43: =IF($A43="","",IF(COUNTIFS(NOVEDADES!$D$4:$D$1503,$A43,NOVEDADES!$O$4:$O$1503,"SÍ")>0,"No","Sí")) | Q43: =IF(OR($A43="",$L43=""),"",IF(AND($N43="Sí",$P43="Sí"),"OTIF","Falló"))
M44: =IF(OR($A44="",$C44=""),"",IF($L44<>"",$L44-$C44,TODAY()-$C44)) | N44: =IF(OR($A44="",$K44=""),"",IF($L44="",IF(TODAY()>$K44,"Atrasado","En ruta"),IF($L44<=$K44,"Sí","No"))) | O44: =IF($A44="","",COUNTIFS(NOVEDADES!$D$4:$D$1503,$A44)) | P44: =IF($A44="","",IF(COUNTIFS(NOVEDADES!$D$4:$D$1503,$A44,NOVEDADES!$O$4:$O$1503,"SÍ")>0,"No","Sí")) | Q44: =IF(OR($A44="",$L44=""),"",IF(AND($N44="Sí",$P44="Sí"),"OTIF","Falló"))
M45: =IF(OR($A45="",$C45=""),"",IF($L45<>"",$L45-$C45,TODAY()-$C45)) | N45: =IF(OR($A45="",$K45=""),"",IF($L45="",IF(TODAY()>$K45,"Atrasado","En ruta"),IF($L45<=$K45,"Sí","No"))) | O45: =IF($A45="","",COUNTIFS(NOVEDADES!$D$4:$D$1503,$A45)) | P45: =IF($A45="","",IF(COUNTIFS(NOVEDADES!$D$4:$D$1503,$A45,NOVEDADES!$O$4:$O$1503,"SÍ")>0,"No","Sí")) | Q45: =IF(OR($A45="",$L45=""),"",IF(AND($N45="Sí",$P45="Sí"),"OTIF","Falló"))
... M3003: =IF(OR($A3003="",$C3003=""),"",IF($L3003<>"",$L3003-$C3003,TODAY()-$C3003)) | N3003: =IF(OR($A3003="",$K3003=""),"",IF($L3003="",IF(TODAY()>$K3003,"Atrasado","En ruta"),IF($L3003<=$K3003,"Sí","No"))) | O3003: =IF($A3003="","",COUNTIFS(NOVEDADES!$D$4:$D$1503,$A3003)) | P3003: =IF($A3003="","",IF(COUNTIFS(NOVEDADES!$D$4:$D$1503,$A3003,NOVEDADES!$O$4:$O$1503,"SÍ")>0,"No","Sí")) | Q3003: =IF(OR($A3003="",$L3003=""),"",IF(AND($N3003="Sí",$P3003="Sí"),"OTIF","Falló"))

Sheet CONFIG
A1: CONFIG · catálogos y reglas de negocio
A2: Aquí se cambia el comportamiento de toda la matriz sin tocar una sola fórmula. Agregue filas hacia abajo: las listas desplegables crecen solas.
A3: TIPO DE NOVEDAD | B3: ÁMBITO | C3: GRAVEDAD | D3: SLA (días hábiles) | E3: ¿AFECTA LA ENTREGA? | G3: CAUSA RAÍZ | H3: FAMILIA (6M) | I3: ÁREA RESPONSABLE | K3: ESTADO | L3: ¿CIERRA EL CASO? | N3: PUNTO DE OCURRENCIA | P3: ORIGEN | R3: TRANSPORTADORA | T3: RESPONSABLE | V3: ⚙ CÁLCULO DEL TABLERO — no borrar | X3: ⚙ BUSCADOR — fila del envío
A4: Cliente ausente / no atiende | B4: En ruta | C4: Media | D4: 2 | E4: SÍ | G4: Error de alistamiento (picking) | H4: Método | I4: Bodega | K4: Sin gestionar | L4: NO | N4: En ruta / entrega al cliente | P4: En ruta | R4: Transportadora A | T4: Coordinador de logística | V4: =IF($G4="","",COUNTIFS(NOVEDADES!$Q$4:$Q$1503,$G4,NOVEDADES!$B$4:$B$1503,">="&TABLERO!$E$4,NOVEDADES!$B$4:$B$1503,"<="&TABLERO!$G$4)+ROW()/100000) | X4: =IFERROR(MATCH(TABLERO!$D$113,ENVIOS!$A$4:$A$3003,0),IFERROR(MATCH(TABLERO!$D$113,ENVIOS!$B$4:$B$3003,0),""))
A5: Cliente rechaza el envío | B5: En ruta | C5: Alta | D5: 2 | E5: SÍ | G5: Embalaje o estibado deficiente | H5: Material | I5: Bodega | K5: En gestión | L5: NO | N5: Recepción de proveedor | P5: Interna | R5: Transportadora B | T5: Jefe de bodega | V5: =IF($G5="","",COUNTIFS(NOVEDADES!$Q$4:$Q$1503,$G5,NOVEDADES!$B$4:$B$1503,">="&TABLERO!$E$4,NOVEDADES!$B$4:$B$1503,"<="&TABLERO!$G$4)+ROW()/100000)
A6: Dirección errada o incompleta | B6: En ruta | C6: Media | D6: 2 | E6: SÍ | G6: Inventario descuadrado | H6: Medición | I6: Bodega | K6: Esperando a la transportadora | L6: NO | N6: Almacenamiento | R6: Transportadora C | T6: Analista de transporte | V6: =IF($G6="","",COUNTIFS(NOVEDADES!$Q$4:$Q$1503,$G6,NOVEDADES!$B$4:$B$1503,">="&TABLERO!$E$4,NOVEDADES!$B$4:$B$1503,"<="&TABLERO!$G$4)+ROW()/100000)
A7: Cliente cerrado / fuera de horario | B7: En ruta | C7: Media | D7: 2 | E7: SÍ | G7: Falta de espacio u orden en bodega | H7: Método | I7: Bodega | K7: Esperando al cliente | L7: NO | N7: Alistamiento (picking) | R7: Flota propia | T7: Servicio al cliente | V7: =IF($G7="","",COUNTIFS(NOVEDADES!$Q$4:$Q$1503,$G7,NOVEDADES!$B$4:$B$1503,">="&TABLERO!$E$4,NOVEDADES!$B$4:$B$1503,"<="&TABLERO!$G$4)+ROW()/100000)
A8: Zona restringida o sin acceso | B8: En ruta | C8: Media | D8: 3 | E8: SÍ | G8: Personal insuficiente en el turno | H8: Mano de obra | I8: Bodega | K8: Resuelta | L8: SÍ | N8: Empaque | T8: Comercial | V8: =IF($G8="","",COUNTIFS(NOVEDADES!$Q$4:$Q$1503,$G8,NOVEDADES!$B$4:$B$1503,">="&TABLERO!$E$4,NOVEDADES!$B$4:$B$1503,"<="&TABLERO!$G$4)+ROW()/100000)
A9: Pago contraentrega fallido | B9: En ruta | C9: Alta | D9: 2 | E9: SÍ | G9: Equipo de bodega fuera de servicio | H9: Máquina | I9: Bodega | K9: Anulada | L9: SÍ | N9: Cargue del vehículo | T9: Facturación | V9: =IF($G9="","",COUNTIFS(NOVEDADES!$Q$4:$Q$1503,$G9,NOVEDADES!$B$4:$B$1503,">="&TABLERO!$E$4,NOVEDADES!$B$4:$B$1503,"<="&TABLERO!$G$4)+ROW()/100000)
A10: Avería / producto dañado | B10: En ruta | C10: Alta | D10: 3 | E10: SÍ | G10: Manipulación brusca en cargue/descargue | H10: Mano de obra | I10: Transporte | N10: Despacho y coordinación | T10: Cartera | V10: =IF($G10="","",COUNTIFS(NOVEDADES!$Q$4:$Q$1503,$G10,NOVEDADES!$B$4:$B$1503,">="&TABLERO!$E$4,NOVEDADES!$B$4:$B$1503,"<="&TABLERO!$G$4)+ROW()/100000)
A11: Faltante (llegó de menos) | B11: En ruta | C11: Alta | D11: 2 | E11: SÍ | G11: Sobrecupo o mal acomodo en el vehículo | H11: Método | I11: Transporte | N11: Facturación y documentos | T11: Calidad | V11: =IF($G11="","",COUNTIFS(NOVEDADES!$Q$4:$Q$1503,$G11,NOVEDADES!$B$4:$B$1503,">="&TABLERO!$E$4,NOVEDADES!$B$4:$B$1503,"<="&TABLERO!$G$4)+ROW()/100000)
A12: Sobrante (llegó de más) | B12: En ruta | C12: Baja | D12: 5 | E12: NO | G12: Conductor sin capacitación o procedimiento | H12: Mano de obra | I12: Transporte | N12: Bodega de devoluciones | T12: Jefe de operaciones | V12: =IF($G12="","",COUNTIFS(NOVEDADES!$Q$4:$Q$1503,$G12,NOVEDADES!$B$4:$B$1503,">="&TABLERO!$E$4,NOVEDADES!$B$4:$B$1503,"<="&TABLERO!$G$4)+ROW()/100000)
A13: Producto equivocado | B13: En ruta | C13: Alta | D13: 2 | E13: SÍ | G13: Falla mecánica del vehículo | H13: Máquina | I13: Transporte | N13: Patio / zona de maniobras | T13: Seguridad y salud | V13: =IF($G13="","",COUNTIFS(NOVEDADES!$Q$4:$Q$1503,$G13,NOVEDADES!$B$4:$B$1503,">="&TABLERO!$E$4,NOVEDADES!$B$4:$B$1503,"<="&TABLERO!$G$4)+ROW()/100000)
A14: Producto vencido o próximo a vencer | B14: En ruta | C14: Alta | D14: 3 | E14: SÍ | G14: Ruta mal planeada o secuencia errada | H14: Método | I14: Planeación | N14: Oficina / administrativo | V14: =IF($G14="","",COUNTIFS(NOVEDADES!$Q$4:$Q$1503,$G14,NOVEDADES!$B$4:$B$1503,">="&TABLERO!$E$4,NOVEDADES!$B$4:$B$1503,"<="&TABLERO!$G$4)+ROW()/100000)
A15: Empaque en mal estado | B15: En ruta | C15: Media | D15: 3 | E15: NO | G15: Promesa de entrega irreal | H15: Método | I15: Planeación | N15: Otro | V15: =IF($G15="","",COUNTIFS(NOVEDADES!$Q$4:$Q$1503,$G15,NOVEDADES!$B$4:$B$1503,">="&TABLERO!$E$4,NOVEDADES!$B$4:$B$1503,"<="&TABLERO!$G$4)+ROW()/100000)
A16: Retraso en vía | B16: En ruta | C16: Alta | D16: 1 | E16: NO | G16: Procedimiento no seguido | H16: Método | I16: Operaciones | V16: =IF($G16="","",COUNTIFS(NOVEDADES!$Q$4:$Q$1503,$G16,NOVEDADES!$B$4:$B$1503,">="&TABLERO!$E$4,NOVEDADES!$B$4:$B$1503,"<="&TABLERO!$G$4)+ROW()/100000)
A17: Vehículo varado / falla mecánica | B17: En ruta | C17: Crítica | D17: 1 | E17: SÍ | G17: Datos del cliente desactualizados | H17: Medición | I17: Comercial | V17: =IF($G17="","",COUNTIFS(NOVEDADES!$Q$4:$Q$1503,$G17,NOVEDADES!$B$4:$B$1503,">="&TABLERO!$E$4,NOVEDADES!$B$4:$B$1503,"<="&TABLERO!$G$4)+ROW()/100000)
A18: Pérdida o robo de mercancía | B18: En ruta | C18: Crítica | D18: 1 | E18: SÍ | G18: Error de digitación del pedido | H18: Mano de obra | I18: Comercial | V18: =IF($G18="","",COUNTIFS(NOVEDADES!$Q$4:$Q$1503,$G18,NOVEDADES!$B$4:$B$1503,">="&TABLERO!$E$4,NOVEDADES!$B$4:$B$1503,"<="&TABLERO!$G$4)+ROW()/100000)
A19: Entrega parcial acordada | B19: En ruta | C19: Baja | D19: 5 | E19: SÍ | G19: Cliente cambió de decisión | H19: Externo | I19: Comercial | V19: =IF($G19="","",COUNTIFS(NOVEDADES!$Q$4:$Q$1503,$G19,NOVEDADES!$B$4:$B$1503,">="&TABLERO!$E$4,NOVEDADES!$B$4:$B$1503,"<="&TABLERO!$G$4)+ROW()/100000)
A20: Soporte de entrega sin firmar | B20: En ruta | C20: Media | D20: 4 | E20: NO | G20: Documentación incompleta | H20: Método | I20: Facturación | V20: =IF($G20="","",COUNTIFS(NOVEDADES!$Q$4:$Q$1503,$G20,NOVEDADES!$B$4:$B$1503,">="&TABLERO!$E$4,NOVEDADES!$B$4:$B$1503,"<="&TABLERO!$G$4)+ROW()/100000)
A21: Error en factura o precio | B21: En ruta | C21: Media | D21: 5 | E21: NO | G21: Error en facturación o precio | H21: Método | I21: Facturación | V21: =IF($G21="","",COUNTIFS(NOVEDADES!$Q$4:$Q$1503,$G21,NOVEDADES!$B$4:$B$1503,">="&TABLERO!$E$4,NOVEDADES!$B$4:$B$1503,"<="&TABLERO!$G$4)+ROW()/100000)
A22: Flete no liquidado | B22: En ruta | C22: Baja | D22: 5 | E22: NO | G22: Cliente sin cupo / cartera bloqueada | H22: Método | I22: Cartera | V22: =IF($G22="","",COUNTIFS(NOVEDADES!$Q$4:$Q$1503,$G22,NOVEDADES!$B$4:$B$1503,">="&TABLERO!$E$4,NOVEDADES!$B$4:$B$1503,"<="&TABLERO!$G$4)+ROW()/100000)
A23: Error de alistamiento detectado en bodega | B23: Interna | C23: Media | D23: 1 | E23: NO | G23: Producto con calidad o rotación deficiente | H23: Material | I23: Calidad | V23: =IF($G23="","",COUNTIFS(NOVEDADES!$Q$4:$Q$1503,$G23,NOVEDADES!$B$4:$B$1503,">="&TABLERO!$E$4,NOVEDADES!$B$4:$B$1503,"<="&TABLERO!$G$4)+ROW()/100000)
A24: Diferencia de inventario | B24: Interna | C24: Alta | D24: 3 | E24: NO | G24: Tráfico, cierre vial u orden público | H24: Medio ambiente | I24: Externo | V24: =IF($G24="","",COUNTIFS(NOVEDADES!$Q$4:$Q$1503,$G24,NOVEDADES!$B$4:$B$1503,">="&TABLERO!$E$4,NOVEDADES!$B$4:$B$1503,"<="&TABLERO!$G$4)+ROW()/100000)
A25: Producto averiado en bodega | B25: Interna | C25: Alta | D25: 2 | E25: NO | G25: Clima adverso | H25: Medio ambiente | I25: Externo | V25: =IF($G25="","",COUNTIFS(NOVEDADES!$Q$4:$Q$1503,$G25,NOVEDADES!$B$4:$B$1503,">="&TABLERO!$E$4,NOVEDADES!$B$4:$B$1503,"<="&TABLERO!$G$4)+ROW()/100000)
A26: Producto vencido en bodega | B26: Interna | C26: Alta | D26: 3 | E26: NO | G26: Sin clasificar aún | H26: Por definir | I26: Por definir | V26: =IF($G26="","",COUNTIFS(NOVEDADES!$Q$4:$Q$1503,$G26,NOVEDADES!$B$4:$B$1503,">="&TABLERO!$E$4,NOVEDADES!$B$4:$B$1503,"<="&TABLERO!$G$4)+ROW()/100000)
A27: Derrame o daño en manipulación interna | B27: Interna | C27: Alta | D27: 2 | E27: NO | V27: =IF($G27="","",COUNTIFS(NOVEDADES!$Q$4:$Q$1503,$G27,NOVEDADES!$B$4:$B$1503,">="&TABLERO!$E$4,NOVEDADES!$B$4:$B$1503,"<="&TABLERO!$G$4)+ROW()/100000)
A28: Demora en el cargue | B28: Interna | C28: Media | D28: 1 | E28: NO | V28: =IF($G28="","",COUNTIFS(NOVEDADES!$Q$4:$Q$1503,$G28,NOVEDADES!$B$4:$B$1503,">="&TABLERO!$E$4,NOVEDADES!$B$4:$B$1503,"<="&TABLERO!$G$4)+ROW()/100000)
A29: Demora en facturación o documentos | B29: Interna | C29: Media | D29: 2 | E29: NO | V29: =IF($G29="","",COUNTIFS(NOVEDADES!$Q$4:$Q$1503,$G29,NOVEDADES!$B$4:$B$1503,">="&TABLERO!$E$4,NOVEDADES!$B$4:$B$1503,"<="&TABLERO!$G$4)+ROW()/100000)
A30: Pedido mal digitado (antes del despacho) | B30: Interna | C30: Media | D30: 1 | E30: NO | V30: =IF($G30="","",COUNTIFS(NOVEDADES!$Q$4:$Q$1503,$G30,NOVEDADES!$B$4:$B$1503,">="&TABLERO!$E$4,NOVEDADES!$B$4:$B$1503,"<="&TABLERO!$G$4)+ROW()/100000)
A31: Devolución recibida sin soporte | B31: Interna | C31: Media | D31: 3 | E31: NO | V31: =IF($G31="","",COUNTIFS(NOVEDADES!$Q$4:$Q$1503,$G31,NOVEDADES!$B$4:$B$1503,">="&TABLERO!$E$4,NOVEDADES!$B$4:$B$1503,"<="&TABLERO!$G$4)+ROW()/100000)
A32: Falla de equipo en bodega | B32: Interna | C32: Alta | D32: 1 | E32: NO | V32: =IF($G32="","",COUNTIFS(NOVEDADES!$Q$4:$Q$1503,$G32,NOVEDADES!$B$4:$B$1503,">="&TABLERO!$E$4,NOVEDADES!$B$4:$B$1503,"<="&TABLERO!$G$4)+ROW()/100000)
A33: Faltante de personal en el turno | B33: Interna | C33: Media | D33: 1 | E33: NO | V33: =IF($G33="","",COUNTIFS(NOVEDADES!$Q$4:$Q$1503,$G33,NOVEDADES!$B$4:$B$1503,">="&TABLERO!$E$4,NOVEDADES!$B$4:$B$1503,"<="&TABLERO!$G$4)+ROW()/100000)
A34: Incidente de seguridad o accidente laboral | B34: Interna | C34: Crítica | D34: 1 | E34: NO
